Markdown_ID,SKU_ID,Store_ID,Markdown_Date,Original_Price,Markdown_Price,Markdown_Percentage,Inventory_Before_Markdown,Units_Sold_After_Markdown,Revenue_After_Markdown,Velocity_Before,Velocity_After
MD00001,WAL0325,S002,2026-06-05,30.67,24.54,0.2,6,3,68.7,0.4,0.7
MD00002,WAL0329,S002,2026-06-22,143.1,85.86,0.4,5,3,274.75,0.4,0.8
MD00003,TAB0782,S001,2026-07-20,205.2,143.64,0.3,6,4,517.1,0.4,0.9
MD00004,ORG1751,S009,2026-07-02,37.54,22.52,0.4,7,3,63.07,0.4,0.7
MD00005,WAL0340,S006,2026-06-01,36.86,22.12,0.4,6,3,61.92,0.4,0.7
MD00006,PIL1358,S007,2026-08-04,56.74,39.72,0.3,8,5,190.65,0.5,1.2
MD00007,SRV1007,S008,2026-05-29,93.0,69.75,0.25,5,3,195.3,0.4,0.7
MD00008,SRV1049,S010,2026-07-11,94.23,56.54,0.4,5,3,158.31,0.4,0.7
MD00009,DEC0032,S002,2026-08-05,22.75,18.2,0.2,5,3,50.96,0.4,0.7
MD00010,TAB0797,S005,2026-07-31,192.63,154.1,0.2,4,2,369.85,0.4,0.6
MD00011,DEC0152,S003,2026-06-18,76.82,46.09,0.4,5,3,147.49,0.4,0.8
MD00012,TAB0829,S010,2026-08-03,206.52,154.89,0.25,4,2,371.74,0.4,0.6
MD00013,DEC0149,S004,2026-07-17,76.63,45.98,0.4,7,4,165.52,0.4,0.9
MD00014,FUR0597,S002,2026-07-03,169.64,127.23,0.25,4,2,305.35,0.4,0.6
MD00015,MIR0417,S003,2026-08-02,179.33,125.53,0.3,7,3,401.7,0.4,0.8
MD00016,SEA0680,S002,2026-06-30,639.47,479.6,0.25,5,3,1534.73,0.4,0.8
MD00017,WAL0328,S001,2026-07-23,154.54,92.72,0.4,5,2,222.54,0.4,0.6
MD00018,TAB0790,S008,2026-07-07,602.99,452.24,0.25,6,4,1808.97,0.4,1.0
MD00019,KIT0918,S006,2026-05-30,60.32,45.24,0.25,7,4,162.86,0.4,0.9
MD00020,MIR0378,S004,2026-07-03,121.12,72.67,0.4,5,3,203.48,0.4,0.7
MD00021,TEX0466,S008,2026-05-29,83.83,62.87,0.25,6,4,226.34,0.4,0.9
MD00022,DEC0104,S003,2026-05-31,75.4,60.32,0.2,5,2,144.77,0.4,0.6
MD00023,SEA0712,S005,2026-06-30,316.46,237.34,0.25,6,4,854.44,0.4,0.9
MD00024,DEC0153,S002,2026-07-13,82.1,49.26,0.4,5,3,137.93,0.4,0.7
MD00025,TEX0433,S002,2026-06-16,45.14,36.11,0.2,6,4,130.0,0.4,0.9
MD00026,TAB0791,S007,2026-08-01,289.91,217.43,0.25,7,4,782.76,0.4,0.9
MD00027,DEC0047,S005,2026-06-12,103.34,82.67,0.2,8,4,297.62,0.4,0.9
MD00028,DEC0113,S005,2026-06-08,68.91,41.35,0.4,6,4,148.85,0.4,0.9
MD00029,TOW1430,S006,2026-06-06,57.33,34.4,0.4,7,4,137.59,0.4,1.0
MD00030,KIT0954,S009,2026-07-20,34.23,20.54,0.4,5,3,57.51,0.4,0.7
MD00031,MIR0376,S002,2026-07-04,128.87,90.21,0.3,7,4,324.75,0.4,0.9
MD00032,ORG1707,S007,2026-06-22,20.05,12.03,0.4,7,3,38.5,0.4,0.8
MD00033,TAB0790,S005,2026-05-31,602.99,361.79,0.4,5,3,1157.74,0.4,0.8
MD00034,SUM2039,S008,2026-06-21,41.12,30.84,0.25,6,3,98.69,0.4,0.8
MD00035,BSK1596,S008,2026-06-21,48.1,36.08,0.25,6,3,115.44,0.4,0.8
MD00036,KIT0943,S002,2026-06-28,115.4,69.24,0.4,6,4,249.26,0.4,0.9
MD00037,TEX0464,S009,2026-07-01,41.79,29.25,0.3,5,3,93.61,0.4,0.8
MD00038,CND2157,S003,2026-07-27,80.04,56.03,0.3,6,3,156.88,0.4,0.7
MD00039,DEC0042,S008,2026-07-29,67.91,50.93,0.25,6,3,162.98,0.4,0.8
MD00040,KIT0858,S005,2026-06-24,54.12,40.59,0.25,5,3,113.65,0.4,0.7
MD00041,SRV1009,S002,2026-07-23,46.58,27.95,0.4,7,4,111.79,0.4,1.0
MD00042,DEC0004,S009,2026-07-21,34.58,27.66,0.2,6,4,99.59,0.4,0.9
MD00043,DEC0164,S006,2026-07-25,63.31,37.99,0.4,8,4,136.75,0.5,0.9
MD00044,WAL0191,S005,2026-05-29,125.01,93.76,0.25,6,4,337.53,0.4,0.9
MD00045,WAL0328,S008,2026-07-16,154.54,115.91,0.25,6,3,324.53,0.4,0.7
MD00046,SEA0730,S008,2026-07-03,294.45,235.56,0.2,5,3,753.79,0.4,0.8
MD00047,DEC0104,S010,2026-06-17,75.4,45.24,0.4,5,3,144.77,0.4,0.8
MD00048,SEA0678,S002,2026-07-14,661.4,496.05,0.25,5,3,1388.94,0.4,0.7
MD00049,DEC0113,S010,2026-06-12,68.91,41.35,0.4,5,3,115.77,0.4,0.7
MD00050,KIT0882,S006,2026-07-12,215.44,161.58,0.25,5,3,517.06,0.4,0.8
MD00051,WAL0226,S001,2026-07-14,52.55,31.53,0.4,5,3,100.9,0.4,0.8
MD00052,SEA0724,S008,2026-06-09,285.88,214.41,0.25,5,3,686.11,0.4,0.8
MD00053,FUR0572,S008,2026-06-08,134.27,100.7,0.25,6,4,362.53,0.4,0.9
MD00054,TEX0505,S002,2026-06-29,38.94,23.36,0.4,6,3,74.76,0.4,0.8
MD00055,PEN1886,S008,2026-06-08,371.36,278.52,0.25,7,4,1114.08,0.4,1.0
MD00056,TAB0822,S008,2026-07-12,342.37,256.78,0.25,4,2,616.27,0.4,0.6
MD00057,KIT0938,S003,2026-07-01,32.82,26.26,0.2,6,3,84.02,0.4,0.8
MD00058,MIR0363,S008,2026-06-19,99.14,79.31,0.2,5,3,253.8,0.4,0.8
MD00059,FUR0575,S010,2026-07-16,457.48,274.49,0.4,4,2,658.77,0.4,0.6
MD00060,SHL1652,S008,2026-06-20,131.13,91.79,0.3,8,4,330.45,0.4,0.9
MD00061,WAL0344,S001,2026-07-27,81.8,65.44,0.2,5,2,157.06,0.4,0.6
MD00062,SRV1065,S004,2026-07-19,51.29,35.9,0.3,5,3,114.89,0.4,0.8
MD00063,SRV1028,S009,2026-06-02,66.23,46.36,0.3,5,3,129.81,0.4,0.7
MD00064,MIR0373,S008,2026-06-29,147.98,118.38,0.2,7,4,473.54,0.4,1.0
MD00065,BSK1650,S005,2026-07-26,20.65,14.45,0.3,8,4,52.04,0.4,0.9
MD00066,CND2104,S008,2026-06-19,61.26,49.01,0.2,11,7,352.86,0.8,1.8
MD00067,CND2161,S009,2026-06-23,54.85,43.88,0.2,5,2,105.31,0.4,0.6
MD00068,SRV1024,S002,2026-07-26,69.64,55.71,0.2,7,4,222.85,0.4,1.0
MD00069,TEX0482,S010,2026-07-17,35.77,28.62,0.2,6,4,103.02,0.4,0.9
MD00070,FLR1851,S002,2026-08-04,224.67,179.74,0.2,9,4,790.84,0.6,1.1
MD00071,FUR0612,S001,2026-07-07,247.33,173.13,0.3,7,4,623.27,0.4,0.9
MD00072,BSK1597,S006,2026-06-27,48.57,34.0,0.3,7,4,122.4,0.4,0.9
MD00073,SRV1058,S002,2026-06-25,104.38,73.07,0.3,4,2,175.36,0.4,0.6
MD00074,FUR0560,S010,2026-07-18,536.97,322.18,0.4,6,4,1159.86,0.4,0.9
MD00075,FUR0624,S004,2026-05-31,460.6,345.45,0.25,5,3,1105.44,0.4,0.8
MD00076,SEA0723,S004,2026-06-07,276.56,193.59,0.3,6,4,696.93,0.4,0.9
MD00077,GFT2224,S003,2026-07-30,154.39,123.51,0.2,7,4,444.64,0.4,0.9
MD00078,CND2136,S006,2026-07-21,50.11,37.58,0.25,9,4,135.3,0.4,0.9
MD00079,FUR0587,S006,2026-06-13,167.31,133.85,0.2,6,4,481.85,0.4,0.9
MD00080,DEC0076,S005,2026-07-17,116.68,93.34,0.2,8,4,336.04,0.4,0.9
MD00081,WAL0301,S009,2026-06-13,71.92,53.94,0.25,7,4,194.18,0.4,0.9
MD00082,WAL0292,S007,2026-07-23,39.1,27.37,0.3,5,3,76.64,0.4,0.7
MD00083,WAL0319,S005,2026-06-19,39.09,27.36,0.3,6,3,87.56,0.4,0.8
MD00084,UTL1119,S007,2026-08-04,14.78,11.82,0.2,5,3,37.84,0.4,0.8
MD00085,DEC0094,S005,2026-06-19,117.32,82.12,0.3,6,4,295.65,0.4,0.9
MD00086,FRM2176,S002,2026-06-13,48.04,33.63,0.3,9,4,121.06,0.4,0.9
MD00087,SRV0990,S006,2026-07-04,142.28,106.71,0.25,6,4,384.16,0.4,0.9
MD00088,DEC0078,S004,2026-07-21,61.2,36.72,0.4,6,4,132.19,0.4,0.9
MD00089,SUM2023,S009,2026-06-19,32.85,24.64,0.25,8,4,98.55,0.4,1.0
MD00090,WAL0306,S005,2026-06-01,114.12,68.47,0.4,5,3,191.72,0.4,0.7
MD00091,DEC0173,S008,2026-07-10,75.81,60.65,0.2,6,4,218.33,0.4,0.9
MD00092,DEC0174,S009,2026-06-25,77.9,46.74,0.4,6,3,130.87,0.4,0.7
MD00093,DEC0092,S002,2026-07-18,109.11,87.29,0.2,4,2,209.49,0.4,0.6
MD00094,TEX0489,S006,2026-06-17,62.68,43.88,0.3,7,4,157.95,0.4,0.9
MD00095,WAL0254,S001,2026-07-28,175.11,131.33,0.25,6,4,472.8,0.4,0.9
MD00096,FRM2173,S007,2026-07-25,48.24,33.77,0.3,6,3,108.06,0.4,0.8
MD00097,FUR0612,S008,2026-07-21,247.33,185.5,0.25,5,2,445.19,0.4,0.6
MD00098,TAB0783,S009,2026-06-27,236.89,189.51,0.2,6,4,682.24,0.4,0.9
MD00099,CND2102,S002,2026-07-30,40.74,28.52,0.3,7,3,79.85,0.4,0.7
MD00100,TEX0438,S003,2026-07-23,97.59,78.07,0.2,6,4,281.06,0.4,0.9
MD00101,GFT2219,S006,2026-06-18,122.98,92.23,0.25,7,4,332.05,0.4,0.9
MD00102,FUR0675,S001,2026-06-11,153.0,122.4,0.2,6,4,489.6,0.4,1.0
MD00103,FUR0605,S006,2026-06-22,507.63,406.1,0.2,6,4,1461.97,0.4,0.9
MD00104,BSK1650,S008,2026-07-13,20.65,15.49,0.25,6,3,49.56,0.4,0.8
MD00105,TEX0510,S006,2026-06-26,94.98,71.23,0.25,9,4,313.43,0.7,1.1
MD00106,TAB0763,S006,2026-06-12,641.3,384.78,0.4,5,3,1231.3,0.4,0.8
MD00107,DEC0156,S008,2026-08-01,105.16,63.1,0.4,6,4,252.38,0.4,1.0
MD00108,MIR0395,S002,2026-06-09,206.63,144.64,0.3,6,3,462.85,0.4,0.8
MD00109,SEA0680,S010,2026-06-15,639.47,479.6,0.25,6,3,1534.73,0.4,0.8
MD00110,SHT1330,S003,2026-06-23,119.22,95.38,0.2,7,3,305.2,0.4,0.8
MD00111,SRV0977,S008,2026-06-28,100.59,70.41,0.3,6,4,253.49,0.4,0.9
MD00112,CHR1972,S003,2026-07-07,103.34,82.67,0.2,7,4,330.69,0.4,1.0
MD00113,TEX0432,S005,2026-07-10,80.09,60.07,0.25,6,3,192.22,0.4,0.8
MD00114,UTL1121,S005,2026-06-17,37.72,22.63,0.4,5,3,72.42,0.4,0.8
MD00115,SEA0680,S008,2026-07-26,639.47,383.68,0.4,4,2,920.84,0.4,0.6
MD00116,TEX0524,S005,2026-07-07,74.39,44.63,0.4,6,3,142.83,0.4,0.8
MD00117,TEX0495,S010,2026-06-15,86.22,51.73,0.4,7,4,206.93,0.4,1.0
MD00118,TEX0507,S009,2026-06-18,82.04,65.63,0.2,9,3,210.02,0.5,0.8
MD00119,DEC0068,S008,2026-06-14,84.9,63.68,0.25,5,3,203.76,0.4,0.8
MD00120,BSK1587,S008,2026-07-04,66.19,39.71,0.4,7,4,142.97,0.4,0.9
MD00121,PEN1899,S007,2026-06-28,245.08,147.05,0.4,10,6,882.29,0.6,1.5
MD00122,DEC0090,S002,2026-06-21,112.47,89.98,0.2,6,2,215.94,0.4,0.6
MD00123,SRV1038,S002,2026-07-17,62.75,50.2,0.2,6,4,200.8,0.4,1.0
MD00124,KIT0851,S004,2026-06-28,62.57,46.93,0.25,6,4,187.71,0.4,1.0
MD00125,TAB0842,S007,2026-06-15,574.92,431.19,0.25,6,3,1207.33,0.4,0.7
MD00126,BSK1612,S004,2026-07-10,88.74,66.55,0.25,6,2,159.73,0.4,0.6
MD00127,DEC0046,S009,2026-06-10,25.07,18.8,0.25,6,4,67.69,0.4,0.9
MD00128,KIT0965,S010,2026-07-23,75.22,45.13,0.4,5,3,144.42,0.4,0.8
MD00129,WAL0201,S002,2026-06-12,61.68,37.01,0.4,5,3,118.43,0.4,0.8
MD00130,WAL0241,S008,2026-06-19,145.31,116.25,0.2,5,3,371.99,0.4,0.8
MD00131,BSK1650,S009,2026-07-29,20.65,14.45,0.3,7,3,46.26,0.4,0.8
MD00132,MIR0369,S007,2026-07-31,84.66,59.26,0.3,5,3,189.64,0.4,0.8
MD00133,SRV1036,S006,2026-06-28,113.6,79.52,0.3,5,3,254.46,0.4,0.8
MD00134,DEC0115,S008,2026-06-18,52.68,42.14,0.2,7,4,151.72,0.4,0.9
MD00135,WAL0256,S002,2026-06-19,58.34,43.76,0.25,5,3,122.51,0.4,0.7
MD00136,KIT0872,S005,2026-06-28,149.18,119.34,0.2,6,4,429.64,0.4,0.9
MD00137,DEC0041,S003,2026-07-10,69.51,52.13,0.25,5,3,145.97,0.4,0.7
MD00138,PEN1911,S003,2026-07-15,138.36,83.02,0.4,8,4,332.06,0.6,1.0
MD00139,WAL0341,S007,2026-06-03,30.99,24.79,0.2,5,3,69.42,0.4,0.7
MD00140,TEX0549,S006,2026-07-11,105.09,78.82,0.25,6,3,220.69,0.4,0.7
MD00141,SRV0972,S002,2026-06-16,81.82,61.36,0.25,5,3,171.82,0.4,0.7
MD00142,WAL0197,S001,2026-07-24,63.59,50.87,0.2,6,4,183.14,0.4,0.9
MD00143,DEC0180,S002,2026-07-07,121.58,85.11,0.3,7,4,306.38,0.4,0.9
MD00144,DEC0116,S008,2026-07-07,41.39,31.04,0.25,6,4,111.75,0.4,0.9
MD00145,KIT0854,S008,2026-06-28,165.08,99.05,0.4,8,4,396.19,0.6,1.0
MD00146,DEC0099,S007,2026-06-17,109.98,65.99,0.4,6,4,237.56,0.4,0.9
MD00147,KIT0868,S002,2026-06-09,67.15,50.36,0.25,4,2,120.87,0.4,0.6
MD00148,SEA0753,S004,2026-07-01,704.97,493.48,0.3,5,3,1381.74,0.4,0.7
MD00149,SEA0723,S001,2026-05-29,276.56,193.59,0.3,5,3,619.49,0.4,0.8
MD00150,UTL1132,S006,2026-08-04,63.51,47.63,0.25,5,3,133.37,0.4,0.7
MD00151,BSK1598,S010,2026-07-25,99.21,79.37,0.2,6,2,190.48,0.4,0.6
MD00152,CND2133,S003,2026-05-29,27.09,18.96,0.3,9,4,83.44,0.6,1.1
MD00153,TAB0843,S008,2026-07-14,621.18,496.94,0.2,7,4,1789.0,0.4,0.9
MD00154,SRV0979,S007,2026-07-27,102.36,61.42,0.4,6,4,221.1,0.4,0.9
MD00155,CND2132,S001,2026-06-21,42.47,33.98,0.2,6,3,108.72,0.4,0.8
MD00156,CHR1944,S003,2026-07-28,41.83,31.37,0.25,5,2,75.29,0.4,0.6
MD00157,MIR0403,S006,2026-07-07,108.07,86.46,0.2,5,3,242.08,0.4,0.7
MD00158,DEC0006,S002,2026-07-25,21.56,15.09,0.3,5,3,42.26,0.4,0.7
MD00159,TEX0522,S002,2026-06-29,61.77,37.06,0.4,5,3,103.77,0.4,0.7
MD00160,DEC0166,S001,2026-07-04,97.83,58.7,0.4,6,4,211.31,0.4,0.9
MD00161,ORG1722,S006,2026-07-14,75.28,56.46,0.25,7,4,203.26,0.4,0.9
MD00162,TAB0848,S003,2026-06-15,215.26,129.16,0.4,5,3,361.64,0.4,0.7
MD00163,DEC0056,S001,2026-05-29,95.02,57.01,0.4,6,4,205.24,0.4,0.9
MD00164,SHL1656,S002,2026-07-15,199.49,159.59,0.2,6,3,446.86,0.4,0.7
MD00165,TAB0793,S006,2026-06-24,321.96,241.47,0.25,4,2,579.53,0.4,0.6
MD00166,CND2113,S002,2026-06-17,51.55,36.08,0.3,8,3,101.04,0.4,0.7
MD00167,WAL0350,S006,2026-07-16,76.5,53.55,0.3,5,3,149.94,0.4,0.7
MD00168,WAL0227,S010,2026-06-14,46.13,36.9,0.2,4,2,88.57,0.4,0.6
MD00169,MIR0422,S008,2026-06-24,152.87,91.72,0.4,5,3,256.82,0.4,0.7
MD00170,FUR0642,S005,2026-06-14,180.87,126.61,0.3,6,3,405.15,0.4,0.8
MD00171,TOW1476,S005,2026-06-18,14.0,8.4,0.4,6,3,26.88,0.4,0.8
MD00172,DEC0129,S008,2026-07-15,67.84,50.88,0.25,6,4,183.17,0.4,0.9
MD00173,DEC0096,S004,2026-06-14,39.06,29.3,0.25,8,4,105.46,0.4,0.9
MD00174,WAL0309,S001,2026-05-30,75.8,45.48,0.4,7,4,163.73,0.4,0.9
MD00175,DEC0031,S001,2026-06-16,110.72,83.04,0.25,5,3,232.51,0.4,0.7
MD00176,TEX0520,S008,2026-08-04,56.86,34.12,0.4,4,2,81.88,0.4,0.6
MD00177,KIT0910,S002,2026-07-18,77.08,61.66,0.2,5,3,197.32,0.4,0.8
MD00178,TEX0475,S002,2026-08-03,22.43,16.82,0.25,5,3,53.83,0.4,0.8
MD00179,WAL0194,S002,2026-06-20,63.07,50.46,0.2,4,2,121.09,0.4,0.6
MD00180,TOW1497,S008,2026-06-19,67.79,47.45,0.3,6,3,132.87,0.5,0.7
MD00181,WAL0305,S002,2026-06-07,36.07,25.25,0.3,5,3,70.7,0.4,0.7
MD00182,WAL0309,S007,2026-07-19,75.8,53.06,0.3,6,4,191.02,0.4,0.9
MD00183,SRV0993,S003,2026-06-08,55.89,44.71,0.2,8,4,178.85,0.7,1.0
MD00184,TAB0811,S004,2026-07-13,189.25,113.55,0.4,5,3,317.94,0.4,0.7
MD00185,WAL0267,S001,2026-07-12,94.59,66.21,0.3,7,4,238.37,0.4,0.9
MD00186,ORG1735,S008,2026-07-31,92.89,69.67,0.25,6,3,195.07,0.4,0.7
MD00187,DEC0080,S009,2026-08-02,83.03,58.12,0.3,5,3,162.74,0.4,0.7
MD00188,FUR0630,S008,2026-07-17,161.39,129.11,0.2,5,3,361.51,0.4,0.7
MD00189,LGT1785,S005,2026-07-07,105.62,63.37,0.4,6,3,202.79,0.4,0.8
MD00190,TEX0436,S002,2026-07-12,68.75,48.12,0.3,6,4,173.25,0.4,0.9
MD00191,BSK1637,S005,2026-07-21,78.46,54.92,0.3,5,2,131.81,0.4,0.6
MD00192,TOW1455,S008,2026-07-06,53.05,37.13,0.3,6,3,103.98,0.4,0.7
MD00193,DEC0164,S002,2026-06-26,63.31,50.65,0.2,6,3,162.07,0.4,0.8
MD00194,WAL0226,S004,2026-07-18,52.55,42.04,0.2,6,4,151.34,0.4,0.9
MD00195,CND2120,S002,2026-06-22,42.79,25.67,0.4,8,3,71.89,0.4,0.7
MD00196,SEA0737,S006,2026-07-20,186.63,130.64,0.3,7,3,365.79,0.4,0.7
MD00197,WAL0292,S002,2026-07-05,39.1,29.33,0.25,7,3,82.11,0.4,0.7
MD00198,BTH1526,S006,2026-06-14,59.45,47.56,0.2,7,4,190.24,0.4,1.0
MD00199,KIT0883,S006,2026-06-29,172.06,137.65,0.2,5,2,330.36,0.4,0.6
MD00200,UTL1087,S007,2026-06-18,59.06,35.44,0.4,5,3,99.22,0.4,0.7
MD00201,KIT0923,S008,2026-07-15,83.35,50.01,0.4,6,4,180.04,0.4,0.9
MD00202,TEX0440,S009,2026-07-10,67.04,53.63,0.2,5,3,171.62,0.4,0.8
MD00203,WIN2080,S007,2026-08-05,64.97,51.98,0.2,10,6,291.07,0.6,1.4
MD00204,WAL0317,S010,2026-07-14,169.62,127.22,0.25,5,3,407.09,0.4,0.8
MD00205,LGT1801,S005,2026-06-23,240.32,168.22,0.3,6,3,471.03,0.4,0.7
MD00206,TOW1435,S006,2026-07-23,17.43,13.94,0.2,5,2,33.47,0.4,0.6
MD00207,DEC0082,S009,2026-07-17,118.54,88.91,0.25,5,3,248.93,0.4,0.7
MD00208,WAL0301,S007,2026-07-31,71.92,43.15,0.4,5,3,120.83,0.4,0.7
MD00209,SHT1261,S003,2026-07-23,64.63,45.24,0.3,6,3,126.67,0.4,0.7
MD00210,TEX0451,S005,2026-07-15,25.95,20.76,0.2,6,4,74.74,0.4,0.9
MD00211,MIR0387,S007,2026-06-03,196.78,118.07,0.4,5,2,283.36,0.4,0.6
MD00212,DEC0009,S009,2026-07-25,25.94,20.75,0.2,4,2,49.8,0.4,0.6
MD00213,TEX0512,S003,2026-07-14,23.51,14.11,0.4,5,3,45.14,0.4,0.8
MD00214,SRV1022,S001,2026-06-23,64.1,38.46,0.4,4,2,92.3,0.4,0.6
MD00215,KIT0943,S004,2026-06-27,115.4,86.55,0.25,5,3,276.96,0.4,0.8
MD00216,FUR0649,S007,2026-07-24,312.14,187.28,0.4,6,3,524.4,0.4,0.7
MD00217,SRV0980,S006,2026-07-21,111.57,83.68,0.25,5,2,200.83,0.4,0.6
MD00218,CHR1951,S008,2026-06-19,50.1,40.08,0.2,6,3,112.22,0.4,0.7
MD00219,GFT2239,S008,2026-07-23,26.26,18.38,0.3,11,7,125.0,0.7,1.7
MD00220,DEC0059,S001,2026-07-08,74.0,59.2,0.2,5,3,165.76,0.4,0.7
MD00221,SUM2029,S009,2026-06-24,144.59,101.21,0.3,5,2,242.91,0.4,0.6
MD00222,KIT0879,S003,2026-07-10,207.66,155.75,0.25,6,4,560.68,0.4,0.9
MD00223,WAL0257,S002,2026-07-23,47.93,33.55,0.3,5,3,93.94,0.4,0.7
MD00224,DEC0083,S005,2026-06-10,55.06,38.54,0.3,4,2,92.5,0.4,0.6
MD00225,WAL0256,S006,2026-07-09,58.34,40.84,0.3,4,2,98.01,0.4,0.6
MD00226,PIL1339,S006,2026-06-15,89.47,62.63,0.3,6,3,200.41,0.4,0.8
MD00227,FUR0600,S004,2026-07-21,323.11,258.49,0.2,6,3,723.77,0.4,0.7
MD00228,KIT0945,S002,2026-07-26,75.54,45.32,0.4,6,4,181.3,0.5,1.0
MD00229,UTL1126,S007,2026-07-24,24.45,18.34,0.25,7,3,58.68,0.4,0.8
MD00230,SRV1006,S002,2026-07-05,125.25,100.2,0.2,6,3,320.64,0.4,0.8
MD00231,WAL0205,S005,2026-06-25,73.43,55.07,0.25,4,2,132.17,0.4,0.6
MD00232,ORG1729,S003,2026-06-26,102.97,77.23,0.25,7,4,278.02,0.4,0.9
MD00233,WAL0253,S006,2026-07-29,142.14,99.5,0.3,5,3,318.39,0.4,0.8
MD00234,DEC0027,S005,2026-06-30,66.68,46.68,0.3,6,3,149.36,0.4,0.8
MD00235,SEA0750,S003,2026-08-02,256.59,179.61,0.3,7,4,646.61,0.4,0.9
MD00236,BTH1533,S001,2026-06-19,85.12,63.84,0.25,7,4,229.82,0.4,0.9
MD00237,FUR0666,S005,2026-06-07,483.08,289.85,0.4,6,4,1043.45,0.4,0.9
MD00238,WAL0217,S001,2026-08-03,131.52,105.22,0.2,6,4,420.86,0.4,1.0
MD00239,MIR0378,S002,2026-07-22,121.12,84.78,0.3,6,3,237.4,0.4,0.7
MD00240,TEX0526,S006,2026-06-09,58.51,40.96,0.3,7,3,131.06,0.4,0.8
MD00241,WAL0337,S007,2026-06-15,102.83,61.7,0.4,6,2,148.08,0.4,0.6
MD00242,UTL1081,S004,2026-07-27,53.36,37.35,0.3,6,3,119.53,0.4,0.8
MD00243,SEA0760,S003,2026-07-12,814.68,611.01,0.25,5,3,1710.83,0.4,0.7
MD00244,KIT0968,S007,2026-07-27,40.25,30.19,0.25,5,3,96.6,0.4,0.8
MD00245,SEA0688,S009,2026-06-20,680.2,476.14,0.3,5,3,1333.19,0.4,0.7
MD00246,MIR0394,S009,2026-07-15,201.91,141.34,0.3,5,3,395.74,0.4,0.7
MD00247,MIR0376,S003,2026-07-08,128.87,96.65,0.25,5,3,309.29,0.4,0.8
MD00248,TEX0461,S003,2026-06-22,99.34,74.5,0.25,6,4,298.02,0.4,1.0
MD00249,TEX0466,S005,2026-06-03,83.83,62.87,0.25,8,4,226.34,0.4,0.9
MD00250,TEX0477,S006,2026-07-10,21.52,15.06,0.3,6,3,48.2,0.4,0.8
MD00251,WAL0269,S004,2026-06-17,104.49,62.69,0.4,5,3,200.62,0.4,0.8
MD00252,TEX0512,S008,2026-07-04,23.51,17.63,0.25,6,3,49.37,0.4,0.7
MD00253,KIT0945,S008,2026-06-25,75.54,56.66,0.25,9,3,181.3,0.4,0.8
MD00254,MIR0415,S007,2026-06-20,109.24,87.39,0.2,6,4,314.61,0.4,0.9
MD00255,TEX0466,S006,2026-08-05,83.83,58.68,0.3,7,4,234.72,0.4,1.0
MD00256,DEC0054,S006,2026-06-30,75.9,56.93,0.25,5,3,159.39,0.4,0.7
MD00257,DEC0109,S009,2026-06-23,85.22,59.65,0.3,6,4,214.75,0.4,0.9
MD00258,DEC0095,S004,2026-06-20,29.23,23.38,0.2,4,2,56.12,0.4,0.6
MD00259,KIT0893,S009,2026-06-15,95.74,57.44,0.4,6,4,206.8,0.4,0.9
MD00260,KIT0968,S009,2026-07-17,40.25,28.17,0.3,6,4,101.43,0.4,0.9
MD00261,DEC0054,S007,2026-06-22,75.9,53.13,0.3,5,3,148.76,0.4,0.7
MD00262,SEA0744,S009,2026-06-30,214.72,171.78,0.2,5,3,549.68,0.4,0.8
MD00263,LGT1773,S010,2026-07-30,234.53,175.9,0.25,7,4,703.59,0.5,1.0
MD00264,GFT2253,S003,2026-07-20,97.79,78.23,0.2,7,4,312.93,0.4,1.0
MD00265,SEA0701,S010,2026-08-05,239.33,179.5,0.25,7,3,574.39,0.4,0.8
MD00266,DEC0140,S010,2026-07-22,44.34,31.04,0.3,5,2,74.49,0.4,0.6
MD00267,FUR0663,S003,2026-06-18,212.81,127.69,0.4,5,3,357.52,0.4,0.7
MD00268,TEX0451,S003,2026-06-28,25.95,19.46,0.25,6,4,70.06,0.4,0.9
MD00269,TEX0487,S003,2026-08-01,80.93,48.56,0.4,5,3,135.96,0.4,0.7
MD00270,TAB0804,S009,2026-07-04,461.4,322.98,0.3,7,4,1291.92,0.4,1.0
MD00271,TEX0466,S002,2026-06-29,83.83,62.87,0.25,4,2,150.89,0.4,0.6
MD00272,KIT0885,S002,2026-06-03,88.3,52.98,0.4,5,3,169.54,0.4,0.8
MD00273,SUM2036,S008,2026-07-09,36.86,25.8,0.3,7,4,92.89,0.4,0.9
MD00274,UTL1108,S010,2026-07-02,29.94,23.95,0.2,5,3,67.07,0.4,0.7
MD00275,SRV0984,S010,2026-07-01,52.13,41.7,0.2,5,3,133.45,0.4,0.8
MD00276,MIR0383,S005,2026-07-14,65.24,52.19,0.2,4,2,125.26,0.4,0.6
MD00277,FLR1852,S008,2026-07-16,162.56,113.79,0.3,7,3,364.13,0.4,0.8
MD00278,FUR0572,S007,2026-06-21,134.27,93.99,0.3,5,3,300.76,0.4,0.8
MD00279,SRV1026,S002,2026-06-27,116.2,69.72,0.4,6,4,250.99,0.4,0.9
MD00280,MIR0425,S009,2026-07-13,96.53,72.4,0.25,5,3,202.71,0.4,0.7
MD00281,TAB0811,S008,2026-08-05,189.25,151.4,0.2,4,2,363.36,0.4,0.6
MD00282,WAL0313,S008,2026-06-30,127.92,95.94,0.25,6,4,345.38,0.4,0.9
MD00283,DEC0103,S004,2026-07-15,50.82,40.66,0.2,5,3,130.1,0.4,0.8
MD00284,MIR0362,S008,2026-06-21,228.42,171.31,0.25,5,3,548.21,0.4,0.8
MD00285,ORG1737,S009,2026-06-12,61.85,37.11,0.4,6,3,103.91,0.4,0.7
MD00286,DEC0189,S006,2026-08-02,106.46,85.17,0.2,5,3,238.47,0.4,0.7
MD00287,TEX0536,S008,2026-06-21,24.41,18.31,0.25,7,4,65.91,0.4,0.9
MD00288,MIR0418,S006,2026-06-06,178.18,142.54,0.2,5,3,399.12,0.4,0.7
MD00289,FUR0619,S001,2026-07-01,488.39,390.71,0.2,7,4,1406.56,0.4,0.9
MD00290,SHT1297,S002,2026-07-12,186.92,112.15,0.4,7,3,314.03,0.4,0.7
MD00291,SHT1283,S006,2026-06-10,91.94,68.95,0.25,7,4,275.82,0.4,1.0
MD00292,KIT0859,S005,2026-06-03,177.0,123.9,0.3,5,3,396.48,0.4,0.8
MD00293,TAB0813,S009,2026-07-06,653.99,490.49,0.25,7,3,1569.58,0.4,0.8
MD00294,GFT2235,S008,2026-06-18,38.62,28.96,0.25,7,3,81.1,0.4,0.7
MD00295,WAL0281,S010,2026-06-13,106.74,85.39,0.2,5,3,239.1,0.4,0.7
MD00296,KIT0937,S001,2026-06-10,46.53,32.57,0.3,5,3,104.23,0.4,0.8
MD00297,PEN1895,S004,2026-07-30,135.43,94.8,0.3,6,3,303.36,0.4,0.8
MD00298,UTL1139,S002,2026-07-31,23.33,16.33,0.3,10,5,78.39,0.5,1.2
MD00299,BSK1649,S002,2026-06-25,58.2,40.74,0.3,6,3,114.07,0.4,0.7
MD00300,KIT0905,S008,2026-07-28,138.96,111.17,0.2,5,3,355.74,0.4,0.8
MD00301,DEC0003,S009,2026-07-08,28.76,17.26,0.4,6,4,62.12,0.4,0.9
MD00302,SRV1061,S005,2026-06-20,21.29,12.77,0.4,6,3,40.88,0.4,0.8
MD00303,WAL0350,S005,2026-06-21,76.5,61.2,0.2,5,3,171.36,0.4,0.7
MD00304,SRV0989,S009,2026-07-23,19.68,15.74,0.2,4,2,37.79,0.4,0.6
MD00305,FUR0557,S005,2026-07-17,274.68,219.74,0.2,7,3,703.18,0.4,0.8
MD00306,SRV1040,S010,2026-06-11,111.7,83.78,0.25,5,2,201.06,0.4,0.6
MD00307,SEA0702,S008,2026-06-06,148.44,103.91,0.3,7,4,374.07,0.4,0.9
MD00308,WAL0273,S001,2026-08-01,172.15,120.5,0.3,4,2,289.21,0.4,0.6
MD00309,LGT1830,S006,2026-07-10,47.08,35.31,0.25,6,3,112.99,0.4,0.8
MD00310,UTL1111,S007,2026-05-29,14.27,8.56,0.4,5,3,23.97,0.4,0.7
MD00311,DEC0151,S005,2026-06-12,29.49,22.12,0.25,6,4,79.62,0.4,0.9
MD00312,WAL0203,S009,2026-07-16,30.32,24.26,0.2,6,3,77.62,0.4,0.8
MD00313,UTL1142,S002,2026-06-10,30.75,18.45,0.4,5,3,51.66,0.4,0.7
MD00314,WAL0312,S009,2026-07-29,84.92,63.69,0.25,6,4,229.28,0.4,0.9
MD00315,TEX0495,S001,2026-06-12,86.22,51.73,0.4,4,2,124.16,0.4,0.6
MD00316,WAL0287,S010,2026-06-11,133.16,99.87,0.25,5,3,319.58,0.4,0.8
MD00317,FUR0624,S002,2026-07-22,460.6,322.42,0.3,6,4,1160.71,0.4,0.9
MD00318,MIR0394,S010,2026-08-03,201.91,121.15,0.4,4,2,290.75,0.4,0.6
MD00319,WAL0264,S002,2026-07-26,113.77,85.33,0.25,7,4,341.31,0.4,1.0
MD00320,TOW1494,S002,2026-06-11,66.22,46.35,0.3,6,3,148.33,0.4,0.8
MD00321,TEX0497,S003,2026-06-09,85.6,64.2,0.25,5,3,205.44,0.4,0.8
MD00322,MIR0425,S005,2026-07-01,96.53,67.57,0.3,5,3,189.2,0.4,0.7
MD00323,WAL0339,S008,2026-07-26,109.65,65.79,0.4,5,3,184.21,0.4,0.7
MD00324,BTH1544,S009,2026-07-15,43.53,26.12,0.4,7,3,73.13,0.4,0.7
MD00325,SUM2046,S010,2026-07-11,138.67,83.2,0.4,8,5,399.37,0.5,1.2
MD00326,BTH1531,S007,2026-07-11,25.86,20.69,0.2,8,4,74.48,0.4,0.9
MD00327,TEX0512,S004,2026-07-11,23.51,17.63,0.25,5,3,49.37,0.4,0.7
MD00328,KIT0923,S007,2026-07-21,83.35,62.51,0.25,6,3,200.04,0.4,0.8
MD00329,MIR0359,S002,2026-08-05,144.67,108.5,0.25,6,4,390.61,0.4,0.9
MD00330,SRV1037,S009,2026-06-30,85.38,59.77,0.3,6,4,215.16,0.4,0.9
MD00331,TEX0443,S008,2026-08-02,43.15,25.89,0.4,5,2,62.14,0.4,0.6
MD00332,ORG1759,S006,2026-07-06,75.61,56.71,0.25,7,3,158.78,0.4,0.7
MD00333,UTL1081,S010,2026-07-19,53.36,32.02,0.4,5,3,102.45,0.4,0.8
MD00334,SRV0984,S008,2026-07-31,52.13,36.49,0.3,5,3,102.17,0.4,0.7
MD00335,TEX0543,S001,2026-06-16,30.46,18.28,0.4,6,3,51.17,0.4,0.7
MD00336,DEC0009,S002,2026-06-25,25.94,20.75,0.2,6,4,74.71,0.4,0.9
MD00337,WAL0349,S002,2026-07-04,161.02,120.77,0.25,5,3,386.45,0.4,0.8
MD00338,TEX0488,S002,2026-06-08,93.01,74.41,0.2,5,3,208.34,0.4,0.7
MD00339,WAL0287,S007,2026-08-05,133.16,93.21,0.3,4,2,223.71,0.4,0.6
MD00340,UTL1145,S003,2026-08-02,22.11,16.58,0.25,4,2,39.8,0.4,0.6
MD00341,DEC0136,S003,2026-06-27,58.35,43.76,0.25,6,3,122.53,0.4,0.7
MD00342,TEX0488,S007,2026-06-25,93.01,55.81,0.4,7,4,223.22,0.4,1.0
MD00343,SHT1271,S006,2026-06-18,188.92,113.35,0.4,7,3,362.73,0.4,0.8
MD00344,TAB0821,S006,2026-06-29,546.93,437.54,0.2,6,4,1575.16,0.4,0.9
MD00345,MIR0416,S001,2026-07-27,230.49,172.87,0.25,6,4,691.47,0.4,1.0
MD00346,KIT0921,S002,2026-06-25,175.43,140.34,0.2,4,2,336.83,0.4,0.6
MD00347,WAL0216,S004,2026-07-11,154.58,123.66,0.2,6,3,395.72,0.4,0.8
MD00348,MIR0398,S004,2026-06-04,190.66,152.53,0.2,4,2,366.07,0.4,0.6
MD00349,TAB0838,S010,2026-07-19,333.18,249.88,0.25,6,4,899.59,0.4,0.9
MD00350,SUM2039,S002,2026-06-29,41.12,30.84,0.25,7,4,111.02,0.4,0.9
MD00351,TAB0813,S007,2026-07-27,653.99,392.39,0.4,5,2,941.75,0.4,0.6
MD00352,TEX0434,S003,2026-07-31,104.32,78.24,0.25,4,2,187.78,0.4,0.6
MD00353,FRM2195,S006,2026-06-19,79.61,63.69,0.2,5,2,152.85,0.4,0.6
MD00354,WAL0233,S001,2026-06-18,180.94,135.7,0.25,6,4,488.54,0.4,0.9
MD00355,DEC0177,S005,2026-07-01,35.22,26.41,0.25,5,3,84.53,0.4,0.8
MD00356,FUR0647,S002,2026-06-08,190.72,114.43,0.4,7,4,411.96,0.4,0.9
MD00357,SEA0743,S006,2026-06-08,235.22,176.41,0.25,5,3,564.53,0.4,0.8
MD00358,DEC0160,S007,2026-06-03,94.8,56.88,0.4,7,4,204.77,0.4,0.9
MD00359,ORG1710,S007,2026-07-28,103.07,61.84,0.4,6,3,173.16,0.4,0.7
MD00360,TEX0529,S008,2026-05-30,43.57,26.14,0.4,4,2,62.74,0.4,0.6
MD00361,TOW1415,S003,2026-07-05,78.39,47.03,0.4,9,4,169.32,0.5,0.9
MD00362,TEX0546,S005,2026-06-08,105.25,73.67,0.3,6,3,206.29,0.4,0.7
MD00363,SRV0985,S010,2026-07-24,21.73,16.3,0.25,5,2,39.11,0.4,0.6
MD00364,TEX0523,S007,2026-06-25,96.18,57.71,0.4,8,4,253.92,0.5,1.1
MD00365,FUR0659,S004,2026-06-12,329.04,197.42,0.4,6,4,710.73,0.4,0.9
MD00366,DEC0038,S006,2026-06-25,25.67,20.54,0.2,4,2,49.29,0.4,0.6
MD00367,FUR0641,S006,2026-06-27,432.05,345.64,0.2,5,3,1106.05,0.4,0.8
MD00368,WAL0222,S002,2026-07-10,99.9,69.93,0.3,6,3,195.8,0.4,0.7
MD00369,SRV1003,S009,2026-07-14,91.32,54.79,0.4,6,4,197.25,0.4,0.9
MD00370,KIT0914,S008,2026-07-31,197.31,157.85,0.2,5,3,441.97,0.4,0.7
MD00371,WAL0201,S008,2026-07-17,61.68,49.34,0.2,5,3,138.16,0.4,0.7
MD00372,TAB0772,S005,2026-06-04,655.69,524.55,0.2,5,3,1468.75,0.4,0.7
MD00373,DEC0085,S007,2026-07-18,49.81,34.87,0.3,6,3,97.63,0.4,0.7
MD00374,DEC0014,S010,2026-07-02,47.2,28.32,0.4,5,3,79.3,0.4,0.7
MD00375,MIR0373,S004,2026-07-26,147.98,118.38,0.2,6,4,473.54,0.4,1.0
MD00376,TAB0785,S006,2026-07-27,343.19,274.55,0.2,5,3,878.57,0.4,0.8
MD00377,DEC0067,S006,2026-07-17,27.43,20.57,0.25,5,2,49.37,0.4,0.6
MD00378,TEX0432,S001,2026-07-01,80.09,56.06,0.3,6,4,201.83,0.4,0.9
MD00379,SHL1688,S002,2026-05-29,170.73,102.44,0.4,7,3,286.83,0.4,0.7
MD00380,FRM2201,S010,2026-06-14,80.65,56.45,0.3,5,2,135.49,0.4,0.6
MD00381,LGT1827,S008,2026-07-03,78.76,47.26,0.4,7,4,170.12,0.4,0.9
MD00382,LGT1792,S008,2026-08-05,256.78,205.42,0.2,7,4,739.53,0.4,0.9
MD00383,FRM2184,S008,2026-08-05,44.55,31.18,0.3,8,4,112.27,0.4,0.9
MD00384,DEC0140,S004,2026-06-02,44.34,26.6,0.4,5,3,74.49,0.4,0.7
MD00385,DEC0057,S006,2026-07-19,110.17,66.1,0.4,5,2,158.64,0.4,0.6
MD00386,DEC0180,S008,2026-06-26,121.58,85.11,0.3,5,3,238.3,0.4,0.7
MD00387,TAB0804,S006,2026-07-25,461.4,322.98,0.3,7,3,1033.54,0.5,0.8
MD00388,KIT0929,S003,2026-06-04,144.2,86.52,0.4,5,3,242.26,0.4,0.7
MD00389,WAL0199,S002,2026-06-22,111.11,77.78,0.3,6,3,217.78,0.4,0.7
MD00390,PIL1358,S003,2026-07-14,56.74,42.55,0.25,6,3,119.15,0.4,0.7
MD00391,TEX0504,S005,2026-06-07,105.03,73.52,0.3,6,4,264.68,0.4,0.9
MD00392,WAL0195,S006,2026-06-11,92.86,65.0,0.3,5,3,182.01,0.4,0.7
MD00393,SEA0747,S010,2026-06-10,377.49,301.99,0.2,5,3,966.37,0.4,0.8
MD00394,KIT0890,S007,2026-07-21,51.48,38.61,0.25,4,2,92.66,0.4,0.6
MD00395,WAL0196,S010,2026-06-09,120.42,90.31,0.25,8,3,252.88,0.4,0.7
MD00396,KIT0932,S003,2026-07-01,220.42,132.25,0.4,5,3,370.31,0.4,0.7
MD00397,KIT0903,S002,2026-06-01,40.53,24.32,0.4,6,3,77.82,0.4,0.8
MD00398,SRV1067,S006,2026-08-03,84.18,50.51,0.4,8,3,141.42,0.4,0.7
MD00399,MIR0412,S001,2026-07-11,233.31,163.32,0.3,8,3,522.61,0.4,0.8
MD00400,MIR0386,S003,2026-07-22,176.79,141.43,0.2,6,4,509.16,0.4,0.9
MD00401,SEA0732,S003,2026-07-24,543.56,326.14,0.4,5,3,1043.64,0.4,0.8
MD00402,MIR0413,S007,2026-06-03,251.03,150.62,0.4,5,3,421.73,0.4,0.7
MD00403,UTL1123,S007,2026-07-30,52.17,31.3,0.4,5,3,87.65,0.4,0.7
MD00404,GFT2239,S009,2026-07-09,26.26,21.01,0.2,9,4,84.03,0.5,1.0
MD00405,UTL1129,S004,2026-07-06,60.13,45.1,0.25,5,3,126.27,0.4,0.7
MD00406,KIT0954,S010,2026-06-06,34.23,25.67,0.25,5,3,71.88,0.4,0.7
MD00407,SUM2044,S006,2026-07-03,140.75,98.52,0.3,8,4,354.69,0.4,0.9
MD00408,DUV1186,S004,2026-07-11,215.93,172.74,0.2,6,3,483.68,0.4,0.7
MD00409,TEX0542,S007,2026-07-06,20.33,12.2,0.4,5,3,34.15,0.4,0.7
MD00410,DEC0007,S007,2026-07-23,116.25,69.75,0.4,5,2,167.4,0.4,0.6
MD00411,BTH1522,S005,2026-06-06,29.49,20.64,0.3,6,3,57.8,0.4,0.7
MD00412,MIR0414,S005,2026-07-09,237.33,189.86,0.2,7,4,759.46,0.4,1.0
MD00413,SRV1030,S008,2026-07-04,34.05,25.54,0.25,4,2,61.29,0.4,0.6
MD00414,TAB0847,S003,2026-06-16,203.3,121.98,0.4,5,3,341.54,0.4,0.7
MD00415,PEN1890,S001,2026-07-08,300.62,240.5,0.2,7,4,865.79,0.4,0.9
MD00416,SRV1022,S002,2026-07-14,64.1,48.07,0.25,6,3,134.61,0.4,0.7
MD00417,MIR0395,S008,2026-05-29,206.63,165.3,0.2,7,4,595.09,0.4,0.9
MD00418,SEA0727,S002,2026-07-12,519.61,363.73,0.3,4,2,872.94,0.4,0.6
MD00419,MIR0352,S002,2026-07-02,116.83,93.46,0.2,4,2,224.31,0.4,0.6
MD00420,FUR0631,S010,2026-07-06,104.29,73.0,0.3,5,3,204.41,0.4,0.7
MD00421,WAL0240,S002,2026-07-27,125.89,100.71,0.2,7,3,281.99,0.4,0.7
MD00422,DEC0124,S007,2026-07-23,68.9,55.12,0.2,7,3,176.38,0.4,0.8
MD00423,ORG1733,S006,2026-06-20,97.06,72.8,0.25,7,4,262.06,0.4,0.9
MD00424,DEC0076,S004,2026-07-26,116.68,93.34,0.2,6,4,336.04,0.4,0.9
MD00425,MIR0380,S004,2026-06-22,246.83,148.1,0.4,5,3,414.67,0.4,0.7
MD00426,DEC0131,S010,2026-07-20,79.51,47.71,0.4,5,3,133.58,0.4,0.7
MD00427,SHT1262,S007,2026-07-28,131.66,98.75,0.25,6,3,315.98,0.4,0.8
MD00428,LGT1804,S002,2026-07-22,108.72,65.23,0.4,10,6,391.39,0.6,1.5
MD00429,DEC0189,S008,2026-06-23,106.46,74.52,0.3,6,4,268.28,0.4,0.9
MD00430,DEC0148,S009,2026-07-10,64.17,38.5,0.4,6,3,123.21,0.4,0.8
MD00431,FUR0551,S002,2026-07-23,101.81,81.45,0.2,6,4,293.21,0.4,0.9
MD00432,WAL0258,S006,2026-06-28,140.45,112.36,0.2,4,2,269.66,0.4,0.6
MD00433,FUR0591,S008,2026-06-12,170.12,102.07,0.4,6,4,367.46,0.4,0.9
MD00434,PIL1402,S006,2026-07-07,76.47,45.88,0.4,5,2,110.12,0.4,0.6
MD00435,SHT1265,S002,2026-07-18,90.68,72.54,0.2,6,3,232.14,0.4,0.8
MD00436,TEX0520,S007,2026-07-10,56.86,34.12,0.4,7,4,136.46,0.4,1.0
MD00437,DEC0071,S006,2026-07-03,72.37,43.42,0.4,6,3,121.58,0.4,0.7
MD00438,WAL0215,S006,2026-06-30,106.1,79.57,0.25,6,3,254.64,0.4,0.8
MD00439,KIT0873,S006,2026-06-16,32.54,26.03,0.2,7,4,93.72,0.5,0.9
MD00440,TEX0536,S002,2026-07-04,24.41,17.09,0.3,5,3,47.84,0.4,0.7
MD00441,DUV1212,S004,2026-07-08,289.55,173.73,0.4,6,3,486.44,0.4,0.7
MD00442,BSK1625,S006,2026-06-11,35.4,26.55,0.25,7,3,84.96,0.4,0.8
MD00443,TEX0436,S006,2026-06-22,68.75,48.12,0.3,7,4,173.25,0.4,0.9
MD00444,TAB0809,S009,2026-06-09,170.55,119.39,0.3,5,3,334.28,0.4,0.7
MD00445,WAL0338,S005,2026-07-17,139.04,111.23,0.2,7,4,400.44,0.4,0.9
MD00446,PIL1336,S009,2026-06-26,49.06,39.25,0.2,7,4,141.29,0.4,0.9
MD00447,WAL0294,S007,2026-07-26,124.37,99.5,0.2,7,4,358.19,0.4,0.9
MD00448,DEC0046,S008,2026-08-04,25.07,20.06,0.2,6,4,72.2,0.4,0.9
MD00449,SRV1065,S007,2026-07-16,51.29,38.47,0.25,5,3,107.71,0.4,0.7
MD00450,CND2104,S006,2026-07-30,61.26,36.76,0.4,9,4,132.32,0.4,0.9
MD00451,DEC0142,S001,2026-07-08,86.85,65.14,0.25,4,2,156.33,0.4,0.6
MD00452,WAL0199,S006,2026-07-29,111.11,83.33,0.25,5,3,266.66,0.4,0.8
MD00453,KIT0921,S004,2026-07-28,175.43,105.26,0.4,5,3,294.72,0.4,0.7
MD00454,TEX0519,S007,2026-07-29,22.72,15.9,0.3,4,2,38.17,0.4,0.6
MD00455,LGT1808,S009,2026-06-02,182.44,136.83,0.25,8,4,547.32,0.4,1.0
MD00456,KIT0863,S007,2026-05-31,162.94,114.06,0.3,6,4,410.61,0.4,0.9
MD00457,CND2142,S008,2026-07-09,58.37,43.78,0.25,7,3,122.58,0.4,0.7
MD00458,SEA0676,S005,2026-06-12,236.87,165.81,0.3,5,3,530.59,0.4,0.8
MD00459,DEC0066,S007,2026-06-25,56.0,44.8,0.2,6,3,143.36,0.4,0.8
MD00460,TEX0495,S004,2026-08-05,86.22,64.66,0.25,7,4,258.66,0.4,1.0
MD00461,TOW1496,S008,2026-06-22,41.11,24.67,0.4,8,4,108.53,0.5,1.1
MD00462,MIR0412,S010,2026-07-10,233.31,174.98,0.25,5,3,559.94,0.4,0.8
MD00463,FUR0610,S009,2026-07-28,481.56,361.17,0.25,5,3,1155.74,0.4,0.8
MD00464,SRV0994,S003,2026-06-21,80.97,48.58,0.4,6,4,174.9,0.4,0.9
MD00465,SRV0989,S010,2026-07-04,19.68,13.78,0.3,6,4,49.59,0.4,0.9
MD00466,WAL0269,S006,2026-07-05,104.49,83.59,0.2,9,3,267.49,0.4,0.8
MD00467,DEC0058,S006,2026-06-11,66.45,49.84,0.25,8,3,139.55,0.4,0.7
MD00468,WAL0192,S004,2026-07-22,84.52,50.71,0.4,5,3,141.99,0.4,0.7
MD00469,TEX0450,S002,2026-06-02,109.05,81.79,0.25,6,3,261.72,0.4,0.8
MD00470,MIR0354,S008,2026-07-14,56.87,34.12,0.4,5,3,95.54,0.4,0.7
MD00471,TEX0447,S007,2026-06-29,94.96,75.97,0.2,5,3,243.1,0.4,0.8
MD00472,DEC0148,S005,2026-07-20,64.17,38.5,0.4,6,4,138.61,0.4,0.9
MD00473,SHL1676,S010,2026-06-13,184.68,138.51,0.25,8,4,498.64,0.5,0.9
MD00474,DEC0148,S004,2026-06-21,64.17,44.92,0.3,5,3,125.77,0.4,0.7
MD00475,DEC0095,S001,2026-06-17,29.23,23.38,0.2,4,2,56.12,0.4,0.6
MD00476,WAL0286,S007,2026-07-16,164.35,123.26,0.25,5,3,394.44,0.4,0.8
MD00477,SHL1678,S006,2026-06-14,140.16,98.11,0.3,6,3,274.71,0.4,0.7
MD00478,FUR0586,S004,2026-07-21,131.63,78.98,0.4,6,3,252.73,0.4,0.8
MD00479,SRV1060,S005,2026-07-26,18.1,10.86,0.4,5,3,30.41,0.4,0.7
MD00480,MIR0413,S004,2026-06-07,251.03,188.27,0.25,5,3,527.16,0.4,0.7
MD00481,DEC0189,S009,2026-07-03,106.46,63.88,0.4,5,2,153.3,0.4,0.6
MD00482,WAL0219,S002,2026-08-01,152.2,121.76,0.2,6,4,438.34,0.4,0.9
MD00483,MIR0422,S001,2026-07-10,152.87,122.3,0.2,6,4,440.27,0.4,0.9
MD00484,TEX0477,S003,2026-07-01,21.52,17.22,0.2,5,3,48.2,0.4,0.7
MD00485,DEC0088,S010,2026-06-16,60.36,36.22,0.4,6,4,144.86,0.4,1.0
MD00486,UTL1149,S010,2026-06-08,68.07,51.05,0.25,7,4,183.79,0.4,0.9
MD00487,UTL1087,S006,2026-06-22,59.06,41.34,0.3,5,2,99.22,0.4,0.6
MD00488,PEN1890,S008,2026-07-26,300.62,240.5,0.2,9,4,865.79,0.4,0.9
MD00489,SRV1001,S008,2026-06-08,125.75,75.45,0.4,5,2,181.08,0.4,0.6
MD00490,LGT1810,S005,2026-06-12,85.09,63.82,0.25,6,3,204.22,0.4,0.8
MD00491,SEA0707,S002,2026-06-21,452.74,271.64,0.4,4,2,651.95,0.4,0.6
MD00492,WAL0257,S005,2026-07-08,47.93,35.95,0.25,4,2,86.27,0.4,0.6
MD00493,SHT1270,S007,2026-07-02,146.25,109.69,0.25,14,6,702.0,0.9,1.6
MD00494,DEC0113,S006,2026-07-18,68.91,41.35,0.4,5,3,132.31,0.4,0.8
MD00495,TEX0531,S003,2026-07-19,23.93,19.14,0.2,5,3,53.6,0.4,0.7
MD00496,GFT2248,S006,2026-05-29,170.28,119.2,0.3,7,4,429.11,0.4,0.9
MD00497,SRV1000,S003,2026-06-24,86.85,69.48,0.2,4,2,166.75,0.4,0.6
MD00498,KIT0887,S005,2026-08-02,157.1,117.82,0.25,6,4,424.17,0.4,0.9
MD00499,DEC0062,S002,2026-06-13,104.67,62.8,0.4,5,3,175.85,0.4,0.7
MD00500,FUR0626,S006,2026-07-14,149.27,89.56,0.4,11,5,429.9,0.7,1.2
MD00501,MIR0399,S008,2026-07-18,213.6,149.52,0.3,6,4,538.27,0.4,0.9
MD00502,SHT1290,S006,2026-07-08,55.78,41.84,0.25,9,4,167.34,0.6,1.0
MD00503,FUR0556,S003,2026-07-24,166.95,116.86,0.3,5,3,327.22,0.4,0.7
MD00504,MIR0391,S010,2026-07-10,258.92,207.14,0.2,5,3,579.98,0.4,0.7
MD00505,FUR0598,S004,2026-07-15,191.81,143.86,0.25,6,3,460.34,0.4,0.8
MD00506,TEX0491,S007,2026-08-02,40.67,30.5,0.25,6,4,122.01,0.4,1.0
MD00507,CND2139,S003,2026-07-14,27.22,21.78,0.2,7,4,87.1,0.4,1.0
MD00508,BSK1637,S006,2026-07-15,78.46,47.08,0.4,6,3,131.81,0.4,0.7
MD00509,TEX0473,S008,2026-07-23,80.37,56.26,0.3,6,4,225.04,0.4,1.0
MD00510,WAL0249,S006,2026-06-11,129.36,97.02,0.25,5,3,271.66,0.4,0.7
MD00511,DEC0092,S007,2026-06-20,109.11,76.38,0.3,9,3,244.41,0.4,0.8
MD00512,CND2147,S006,2026-08-02,21.07,14.75,0.3,7,4,53.1,0.4,0.9
MD00513,WAL0263,S007,2026-06-06,72.31,54.23,0.25,6,4,195.24,0.4,0.9
MD00514,DEC0185,S009,2026-06-06,123.69,92.77,0.25,7,4,371.07,0.4,1.0
MD00515,WAL0280,S009,2026-06-20,50.09,40.07,0.2,5,3,112.2,0.4,0.7
MD00516,TOW1467,S002,2026-07-15,53.91,40.43,0.25,7,3,129.38,0.4,0.8
MD00517,SEA0738,S009,2026-07-05,497.85,348.5,0.3,6,3,975.79,0.4,0.7
MD00518,TEX0491,S006,2026-07-13,40.67,24.4,0.4,5,3,68.33,0.4,0.7
MD00519,BSK1592,S008,2026-07-30,43.34,30.34,0.3,8,4,109.22,0.4,0.9
MD00520,MIR0389,S009,2026-06-20,64.57,51.66,0.2,5,3,144.64,0.4,0.7
MD00521,WAL0316,S008,2026-07-30,142.24,85.34,0.4,4,2,204.83,0.4,0.6
MD00522,TEX0443,S005,2026-06-20,43.15,34.52,0.2,5,3,110.46,0.4,0.8
MD00523,TEX0456,S010,2026-06-12,80.96,56.67,0.3,5,3,158.68,0.4,0.7
MD00524,FUR0557,S002,2026-06-29,274.68,206.01,0.25,4,2,494.42,0.4,0.6
MD00525,SEA0709,S001,2026-07-09,606.33,485.06,0.2,5,3,1358.18,0.4,0.7
MD00526,FUR0591,S003,2026-07-27,170.12,119.08,0.3,6,4,428.7,0.4,0.9
MD00527,TAB0788,S008,2026-08-05,515.59,309.35,0.4,5,3,866.19,0.4,0.7
MD00528,DEC0117,S002,2026-07-17,27.27,21.82,0.2,6,4,87.26,0.4,1.0
MD00529,CND2134,S009,2026-07-13,60.56,42.39,0.3,7,4,152.61,0.4,0.9
MD00530,PEN1892,S007,2026-06-25,169.01,101.41,0.4,6,3,283.94,0.4,0.7
MD00531,SHT1314,S002,2026-07-05,71.99,43.19,0.4,6,3,120.94,0.4,0.7
MD00532,TEX0522,S008,2026-07-30,61.77,49.42,0.2,9,4,177.9,0.4,0.9
MD00533,KIT0916,S006,2026-08-05,204.65,122.79,0.4,7,4,442.04,0.5,0.9
MD00534,TEX0532,S005,2026-08-02,28.63,22.9,0.2,6,3,73.29,0.4,0.8
MD00535,DEC0167,S007,2026-07-25,52.28,39.21,0.25,4,2,94.1,0.4,0.6
MD00536,WAL0223,S008,2026-07-25,184.43,147.54,0.2,6,4,531.16,0.4,0.9
MD00537,WAL0223,S001,2026-06-24,184.43,110.66,0.4,6,3,309.84,0.4,0.7
MD00538,DUV1195,S006,2026-08-04,129.68,97.26,0.25,7,2,233.42,0.4,0.6
MD00539,FUR0664,S007,2026-07-25,251.94,176.36,0.3,5,3,493.8,0.4,0.7
MD00540,LGT1794,S010,2026-06-15,218.18,174.54,0.2,5,2,418.91,0.4,0.6
MD00541,FUR0584,S005,2026-07-19,271.24,189.87,0.3,5,2,455.68,0.4,0.6
MD00542,WAL0197,S002,2026-06-21,63.59,50.87,0.2,4,2,122.09,0.4,0.6
MD00543,ORG1711,S008,2026-05-29,100.08,80.06,0.2,8,4,320.26,0.4,1.0
MD00544,FRM2206,S003,2026-07-29,31.64,18.98,0.4,7,4,75.94,0.4,1.0
MD00545,LGT1802,S006,2026-06-19,46.34,37.07,0.2,6,3,103.8,0.4,0.7
MD00546,GFT2226,S006,2026-06-22,74.21,44.53,0.4,6,3,124.67,0.4,0.7
MD00547,MIR0394,S007,2026-06-09,201.91,161.53,0.2,6,4,646.11,0.4,1.0
MD00548,WAL0276,S009,2026-06-29,95.7,66.99,0.3,6,3,187.57,0.4,0.7
MD00549,KIT0861,S001,2026-07-31,191.78,115.07,0.4,5,3,322.19,0.4,0.7
MD00550,DEC0185,S003,2026-05-29,123.69,98.95,0.2,6,3,277.07,0.4,0.7
MD00551,SEA0678,S004,2026-05-31,661.4,529.12,0.2,6,4,1904.83,0.4,0.9
MD00552,DEC0040,S006,2026-07-29,109.88,65.93,0.4,9,3,210.97,0.5,0.8
MD00553,WAL0332,S007,2026-07-11,46.12,27.67,0.4,5,3,88.55,0.4,0.8
MD00554,SHT1270,S005,2026-06-09,146.25,117.0,0.2,6,3,327.6,0.4,0.7
MD00555,DEC0114,S001,2026-06-25,34.17,20.5,0.4,4,2,49.2,0.4,0.6
MD00556,TAB0781,S008,2026-06-17,313.49,235.12,0.25,5,3,752.38,0.4,0.8
MD00557,DUV1201,S002,2026-07-05,163.6,130.88,0.2,6,3,366.46,0.4,0.7
MD00558,WAL0209,S009,2026-06-17,96.99,67.89,0.3,6,3,190.1,0.4,0.7
MD00559,PIL1336,S006,2026-07-26,49.06,36.8,0.25,10,4,161.9,0.5,1.1
MD00560,DEC0153,S007,2026-08-01,82.1,49.26,0.4,6,4,177.34,0.4,0.9
MD00561,SRV1047,S004,2026-07-04,134.57,100.93,0.25,5,3,322.97,0.4,0.8
MD00562,WAL0305,S010,2026-08-01,36.07,28.86,0.2,5,3,80.8,0.4,0.7
MD00563,DEC0011,S006,2026-07-09,27.91,20.93,0.25,7,3,66.98,0.4,0.8
MD00564,SRV1051,S002,2026-06-24,80.65,60.49,0.25,5,3,169.37,0.4,0.7
MD00565,FUR0674,S002,2026-06-08,251.95,188.96,0.25,6,4,680.26,0.4,0.9
MD00566,SEA0683,S003,2026-06-23,592.43,473.94,0.2,5,3,1327.04,0.4,0.7
MD00567,TEX0538,S002,2026-06-22,68.65,48.05,0.3,5,3,134.55,0.4,0.7
MD00568,FUR0661,S006,2026-06-18,303.06,227.3,0.25,6,3,727.34,0.4,0.8
MD00569,SEA0754,S005,2026-06-16,750.59,600.47,0.2,5,3,1681.32,0.4,0.7
MD00570,WAL0332,S006,2026-06-27,46.12,27.67,0.4,5,2,66.41,0.4,0.6
MD00571,SUM2030,S003,2026-05-30,40.33,28.23,0.3,8,4,101.63,0.4,0.9
MD00572,WAL0293,S001,2026-06-15,143.56,100.49,0.3,6,4,361.77,0.4,0.9
MD00573,DEC0074,S010,2026-07-11,28.56,21.42,0.25,4,2,51.41,0.4,0.6
MD00574,TAB0815,S006,2026-07-27,412.78,288.95,0.3,6,4,1040.21,0.4,0.9
MD00575,TAB0829,S006,2026-07-28,206.52,154.89,0.25,4,2,371.74,0.4,0.6
MD00576,DEC0081,S005,2026-06-01,42.9,25.74,0.4,5,3,72.07,0.4,0.7
MD00577,FUR0559,S004,2026-06-16,334.42,234.09,0.3,6,4,842.74,0.4,0.9
MD00578,SHT1268,S006,2026-07-24,144.43,115.54,0.2,9,4,415.96,0.4,0.9
MD00579,DEC0181,S007,2026-06-19,94.17,70.63,0.25,7,3,226.01,0.4,0.8
MD00580,SHL1696,S009,2026-06-04,51.37,41.1,0.2,6,3,131.51,0.4,0.8
MD00581,LGT1828,S006,2026-07-03,98.46,78.77,0.2,8,5,378.09,0.5,1.2
MD00582,WAL0281,S008,2026-05-30,106.74,74.72,0.3,6,4,298.87,0.4,1.0
MD00583,SHT1309,S006,2026-06-27,79.0,55.3,0.3,8,4,199.08,0.4,0.9
MD00584,DEC0172,S004,2026-05-29,111.58,83.69,0.25,5,3,234.32,0.4,0.7
MD00585,SHT1231,S001,2026-05-29,78.28,58.71,0.25,6,3,187.87,0.5,0.8
MD00586,WAL0209,S008,2026-06-28,96.99,58.19,0.4,11,6,325.89,0.6,1.4
MD00587,FRM2210,S003,2026-07-03,46.48,32.54,0.3,7,4,117.13,0.4,0.9
MD00588,WAL0316,S006,2026-07-20,142.24,85.34,0.4,7,3,273.1,0.4,0.8
MD00589,DEC0112,S005,2026-06-01,31.83,22.28,0.3,7,4,80.21,0.4,0.9
MD00590,DEC0105,S004,2026-06-24,83.01,66.41,0.2,7,4,239.07,0.4,0.9
MD00591,TEX0463,S008,2026-06-29,92.24,64.57,0.3,6,4,232.44,0.4,0.9
MD00592,UTL1089,S002,2026-07-03,56.69,42.52,0.25,5,3,136.06,0.4,0.8
MD00593,KIT0954,S005,2026-06-29,34.23,20.54,0.4,5,3,57.51,0.4,0.7
MD00594,DEC0029,S009,2026-08-02,107.42,80.56,0.25,6,4,290.03,0.4,0.9
MD00595,GFT2229,S008,2026-06-09,75.54,45.32,0.4,5,2,108.78,0.4,0.6
MD00596,LGT1775,S007,2026-07-01,221.29,154.9,0.3,6,3,495.69,0.4,0.8
MD00597,TEX0501,S003,2026-07-15,44.22,26.53,0.4,6,3,74.29,0.4,0.7
MD00598,SRV1003,S004,2026-05-30,91.32,68.49,0.25,5,3,191.77,0.4,0.7
MD00599,LGT1773,S006,2026-05-30,234.53,187.62,0.2,9,5,900.6,0.5,1.2
MD00600,TAB0806,S002,2026-08-03,509.66,382.25,0.25,5,3,1223.18,0.4,0.8
MD00601,WAL0274,S008,2026-07-14,95.43,66.8,0.3,6,4,240.48,0.4,0.9
MD00602,WAL0194,S008,2026-06-12,63.07,50.46,0.2,8,4,201.82,0.4,1.0
MD00603,UTL1092,S007,2026-07-17,57.51,34.51,0.4,6,4,124.22,0.4,0.9
MD00604,MIR0396,S008,2026-07-04,140.24,105.18,0.25,6,3,294.5,0.4,0.7
MD00605,SRV0971,S003,2026-07-07,65.65,45.95,0.3,5,3,147.06,0.4,0.8
MD00606,FUR0607,S008,2026-06-24,287.13,200.99,0.3,7,3,643.17,0.4,0.8
MD00607,UTL1109,S002,2026-08-05,52.9,42.32,0.2,7,3,135.42,0.4,0.8
MD00608,WAL0194,S006,2026-07-12,63.07,37.84,0.4,5,3,121.09,0.4,0.8
MD00609,WAL0226,S002,2026-07-03,52.55,39.41,0.25,7,4,141.88,0.4,0.9
MD00610,TEX0532,S006,2026-06-16,28.63,22.9,0.2,7,2,54.97,0.4,0.6
MD00611,SRV1080,S003,2026-07-01,49.02,29.41,0.4,5,3,82.35,0.4,0.7
MD00612,TEX0524,S007,2026-08-01,74.39,59.51,0.2,7,3,166.63,0.4,0.7
MD00613,SEA0705,S001,2026-07-09,169.35,118.54,0.3,4,2,284.51,0.4,0.6
MD00614,TEX0494,S006,2026-06-19,25.2,17.64,0.3,8,4,70.56,0.4,1.0
MD00615,SEA0706,S008,2026-06-19,183.28,146.62,0.2,6,3,410.55,0.4,0.7
MD00616,SRV1070,S006,2026-06-26,58.83,44.12,0.25,8,4,194.14,0.5,1.1
MD00617,LGT1780,S001,2026-06-17,111.72,89.38,0.2,7,4,321.75,0.4,0.9
MD00618,BTH1534,S006,2026-06-19,27.55,19.29,0.3,6,3,54.0,0.4,0.7
MD00619,DEC0046,S002,2026-06-10,25.07,20.06,0.2,7,4,80.22,0.4,1.0
MD00620,DEC0102,S009,2026-07-16,99.6,74.7,0.25,7,3,239.04,0.4,0.8
MD00621,GFT2251,S006,2026-08-03,161.47,113.03,0.3,5,2,271.27,0.4,0.6
MD00622,DEC0190,S006,2026-08-01,43.79,30.65,0.3,5,3,98.09,0.4,0.8
MD00623,ORG1748,S006,2026-08-04,20.74,15.55,0.25,6,3,43.55,0.4,0.7
MD00624,TEX0528,S008,2026-07-10,93.02,55.81,0.4,5,3,178.6,0.4,0.8
MD00625,TEX0549,S009,2026-07-08,105.09,84.07,0.2,6,3,269.03,0.4,0.8
MD00626,SRV1080,S007,2026-08-01,49.02,39.22,0.2,7,4,141.18,0.4,0.9
MD00627,KIT0944,S003,2026-06-26,48.34,36.26,0.25,5,3,101.51,0.4,0.7
MD00628,UTL1099,S007,2026-06-20,35.85,21.51,0.4,5,3,68.83,0.4,0.8
MD00629,WAL0240,S009,2026-07-13,125.89,100.71,0.2,5,3,281.99,0.4,0.7
MD00630,TEX0473,S003,2026-06-19,80.37,64.3,0.2,5,2,154.31,0.4,0.6
MD00631,WAL0208,S009,2026-07-06,99.34,74.5,0.25,5,3,238.42,0.4,0.8
MD00632,MIR0369,S009,2026-07-28,84.66,63.49,0.25,5,3,203.18,0.4,0.8
MD00633,FLR1869,S002,2026-06-14,343.54,240.48,0.3,7,3,673.34,0.4,0.7
MD00634,MIR0383,S003,2026-07-04,65.24,52.19,0.2,5,3,167.01,0.4,0.8
MD00635,TOW1436,S006,2026-07-07,67.9,50.93,0.25,7,3,162.96,0.5,0.8
MD00636,TEX0484,S001,2026-06-24,35.48,26.61,0.25,6,4,95.8,0.4,0.9
MD00637,UTL1109,S006,2026-07-24,52.9,31.74,0.4,9,5,152.35,0.6,1.2
MD00638,TEX0468,S009,2026-07-27,35.94,26.95,0.25,4,2,64.69,0.4,0.6
MD00639,WAL0312,S010,2026-07-28,84.92,63.69,0.25,6,4,229.28,0.4,0.9
MD00640,DEC0159,S008,2026-07-11,44.57,31.2,0.3,6,4,112.32,0.4,0.9
MD00641,SEA0688,S006,2026-07-18,680.2,476.14,0.3,7,4,1904.56,0.4,1.0
MD00642,MIR0370,S007,2026-07-14,85.18,51.11,0.4,6,3,163.55,0.4,0.8
MD00643,FUR0602,S006,2026-07-10,412.45,247.47,0.4,6,4,890.89,0.4,0.9
MD00644,UTL1141,S003,2026-07-24,19.6,11.76,0.4,7,3,32.93,0.4,0.7
MD00645,LGT1807,S002,2026-07-28,77.47,58.1,0.25,8,4,232.41,0.4,1.0
MD00646,KIT0884,S010,2026-08-04,39.88,31.9,0.2,5,3,102.09,0.4,0.8
MD00647,WAL0338,S006,2026-07-13,139.04,104.28,0.25,6,4,375.41,0.4,0.9
MD00648,DEC0111,S009,2026-06-06,82.11,61.58,0.25,5,3,197.06,0.4,0.8
MD00649,CND2104,S009,2026-06-07,61.26,36.76,0.4,6,3,117.62,0.4,0.8
MD00650,FUR0560,S001,2026-07-16,536.97,429.58,0.2,4,2,1030.98,0.4,0.6
MD00651,MIR0357,S007,2026-07-23,74.68,56.01,0.25,7,4,201.64,0.4,0.9
MD00652,WIN2068,S007,2026-07-14,89.34,62.54,0.3,5,2,150.09,0.4,0.6
MD00653,TOW1486,S003,2026-07-19,74.78,59.82,0.2,7,4,215.37,0.4,0.9
MD00654,KIT0868,S006,2026-06-18,67.15,50.36,0.25,6,3,161.16,0.5,0.8
MD00655,KIT0851,S002,2026-06-25,62.57,50.06,0.2,5,3,140.16,0.4,0.7
MD00656,SEA0753,S003,2026-07-04,704.97,563.98,0.2,5,3,1804.72,0.4,0.8
MD00657,DEC0161,S006,2026-07-11,89.53,62.67,0.3,6,3,200.55,0.4,0.8
MD00658,WAL0244,S008,2026-07-20,114.52,85.89,0.25,6,3,240.49,0.4,0.7
MD00659,FUR0672,S002,2026-07-21,342.15,205.29,0.4,4,2,492.7,0.4,0.6
MD00660,LGT1815,S007,2026-06-18,255.57,178.9,0.3,7,4,644.04,0.4,0.9
MD00661,FUR0604,S006,2026-06-20,407.51,326.01,0.2,6,4,1173.63,0.4,0.9
MD00662,DEC0069,S010,2026-07-03,118.87,95.1,0.2,5,3,266.27,0.4,0.7
MD00663,SRV0980,S002,2026-07-03,111.57,83.68,0.25,5,3,234.3,0.4,0.7
MD00664,LGT1807,S006,2026-06-15,77.47,46.48,0.4,6,3,148.74,0.4,0.8
MD00665,PIL1371,S006,2026-06-26,70.28,52.71,0.25,6,3,168.67,0.4,0.8
MD00666,SEA0729,S006,2026-07-01,508.35,355.84,0.3,7,3,1138.7,0.4,0.8
MD00667,UTL1087,S010,2026-06-01,59.06,47.25,0.2,6,3,132.29,0.4,0.7
MD00668,DEC0184,S009,2026-06-04,89.19,62.43,0.3,6,3,174.81,0.4,0.7
MD00669,MIR0430,S009,2026-07-31,242.44,181.83,0.25,4,2,436.39,0.4,0.6
MD00670,TAB0807,S007,2026-06-20,586.75,410.72,0.3,5,3,1314.32,0.4,0.8
MD00671,LGT1824,S009,2026-07-27,181.99,127.39,0.3,8,4,458.61,0.6,0.9
MD00672,WAL0243,S002,2026-07-26,68.92,48.24,0.3,5,3,135.08,0.4,0.7
MD00673,LGT1794,S006,2026-06-10,218.18,152.73,0.3,7,4,549.81,0.4,0.9
MD00674,WAL0306,S008,2026-08-02,114.12,91.3,0.2,6,4,328.67,0.4,0.9
MD00675,FUR0671,S006,2026-07-01,290.04,232.03,0.2,5,3,742.5,0.4,0.8
MD00676,WAL0230,S009,2026-06-17,126.67,88.67,0.3,4,2,212.81,0.4,0.6
MD00677,WAL0251,S008,2026-07-22,71.52,50.06,0.3,5,3,160.2,0.4,0.8
MD00678,SEA0705,S005,2026-06-18,169.35,118.54,0.3,4,2,284.51,0.4,0.6
MD00679,SHT1320,S007,2026-06-22,176.15,105.69,0.4,6,2,253.66,0.4,0.6
MD00680,WAL0298,S004,2026-06-23,83.89,58.72,0.3,4,2,140.94,0.4,0.6
MD00681,MIR0430,S007,2026-07-24,242.44,181.83,0.25,5,3,581.86,0.4,0.8
MD00682,MIR0390,S003,2026-06-21,204.98,163.98,0.2,5,3,524.75,0.4,0.8
MD00683,TOW1421,S006,2026-07-20,67.27,50.45,0.25,8,4,181.63,0.5,0.9
MD00684,PIL1377,S007,2026-07-14,25.92,20.74,0.2,6,3,58.06,0.4,0.7
MD00685,WAL0332,S003,2026-05-29,46.12,27.67,0.4,6,3,77.48,0.4,0.7
MD00686,MIR0393,S007,2026-06-15,147.92,110.94,0.25,6,4,399.38,0.4,0.9
MD00687,DEC0190,S002,2026-06-23,43.79,32.84,0.25,5,2,78.82,0.4,0.6
MD00688,PIL1343,S007,2026-06-04,89.96,71.97,0.2,7,4,259.08,0.4,0.9
MD00689,SRV0976,S007,2026-06-17,88.08,61.66,0.3,10,4,271.29,0.5,1.1
MD00690,BTH1559,S007,2026-07-10,84.57,63.43,0.25,5,2,152.23,0.4,0.6
MD00691,MIR0380,S005,2026-06-12,246.83,172.78,0.3,7,4,622.01,0.4,0.9
MD00692,WIN2080,S005,2026-06-20,64.97,48.73,0.25,6,3,136.44,0.4,0.7
MD00693,TEX0547,S008,2026-08-01,101.04,60.62,0.4,5,3,169.75,0.4,0.7
MD00694,SEA0695,S001,2026-06-12,753.97,527.78,0.3,6,4,1900.0,0.4,0.9
MD00695,DEC0097,S006,2026-06-07,105.38,84.3,0.2,5,3,236.05,0.4,0.7
MD00696,KIT0960,S006,2026-06-05,158.1,118.57,0.25,6,4,474.3,0.4,1.0
MD00697,SRV1048,S008,2026-06-12,104.32,83.46,0.2,6,4,300.44,0.4,0.9
MD00698,SRV1056,S008,2026-06-21,25.27,15.16,0.4,4,2,36.39,0.4,0.6
MD00699,DEC0123,S001,2026-05-30,111.18,66.71,0.4,4,2,160.1,0.4,0.6
MD00700,BSK1609,S003,2026-07-01,90.72,54.43,0.4,5,2,130.64,0.4,0.6
MD00701,DEC0182,S006,2026-06-06,24.16,18.12,0.25,6,3,50.74,0.4,0.7
MD00702,TEX0521,S002,2026-05-29,42.79,34.23,0.2,5,3,95.85,0.4,0.7
MD00703,DEC0058,S008,2026-07-29,66.45,53.16,0.2,6,4,191.38,0.4,0.9
MD00704,UTL1138,S002,2026-06-27,49.85,29.91,0.4,7,4,131.6,0.5,1.1
MD00705,UTL1089,S005,2026-06-30,56.69,34.01,0.4,6,4,122.45,0.4,0.9
MD00706,SRV1054,S010,2026-05-31,50.26,35.18,0.3,5,3,112.58,0.4,0.8
MD00707,FUR0650,S002,2026-07-08,204.26,163.41,0.2,5,3,457.54,0.4,0.7
MD00708,DEC0148,S007,2026-06-08,64.17,38.5,0.4,9,4,154.01,0.4,1.0
MD00709,SEA0727,S007,2026-07-03,519.61,415.69,0.2,5,3,1163.93,0.4,0.7
MD00710,UTL1105,S005,2026-08-05,59.77,41.84,0.3,5,3,133.88,0.4,0.8
MD00711,MIR0371,S001,2026-06-25,200.13,160.1,0.2,4,2,384.25,0.4,0.6
MD00712,WAL0254,S005,2026-07-20,175.11,105.07,0.4,5,3,336.21,0.4,0.8
MD00713,WAL0292,S006,2026-07-13,39.1,31.28,0.2,5,3,87.58,0.4,0.7
MD00714,BTH1527,S006,2026-07-14,82.3,57.61,0.3,8,4,207.4,0.4,0.9
MD00715,ORG1726,S002,2026-06-18,56.8,34.08,0.4,6,3,109.06,0.4,0.8
MD00716,WAL0308,S004,2026-06-04,184.26,147.41,0.2,9,4,589.63,0.5,1.0
MD00717,WAL0272,S003,2026-06-08,94.86,75.89,0.2,4,2,182.13,0.4,0.6
MD00718,TEX0482,S003,2026-06-03,35.77,28.62,0.2,8,4,103.02,0.4,0.9
MD00719,TAB0821,S009,2026-06-01,546.93,328.16,0.4,6,4,1181.37,0.4,0.9
MD00720,BSK1589,S005,2026-07-28,18.81,11.29,0.4,6,3,31.6,0.4,0.7
MD00721,FUR0669,S006,2026-07-31,100.82,70.57,0.3,5,3,225.84,0.4,0.8
MD00722,MIR0418,S004,2026-07-11,178.18,124.73,0.3,8,3,399.12,0.4,0.8
MD00723,FRM2176,S008,2026-07-17,48.04,33.63,0.3,8,3,107.61,0.4,0.8
MD00724,DEC0039,S005,2026-07-26,115.98,86.98,0.25,6,4,313.15,0.4,0.9
MD00725,WAL0294,S006,2026-06-29,124.37,99.5,0.2,4,2,238.79,0.4,0.6
MD00726,DEC0139,S005,2026-06-11,97.43,68.2,0.3,5,3,218.24,0.4,0.8
MD00727,BSK1607,S002,2026-07-24,44.48,26.69,0.4,7,4,96.08,0.4,0.9
MD00728,WAL0278,S009,2026-06-07,43.11,32.33,0.25,6,4,116.4,0.4,0.9
MD00729,WAL0195,S002,2026-07-03,92.86,74.29,0.2,7,4,267.44,0.4,0.9
MD00730,TEX0471,S003,2026-07-16,99.41,59.65,0.4,6,4,214.73,0.4,0.9
MD00731,DEC0164,S010,2026-07-21,63.31,44.32,0.3,5,3,124.09,0.4,0.7
MD00732,WAL0214,S002,2026-07-17,60.47,45.35,0.25,8,3,126.99,0.4,0.7
MD00733,TEX0540,S006,2026-06-12,35.89,25.12,0.3,6,3,80.39,0.4,0.8
MD00734,TOW1419,S008,2026-07-04,71.21,53.41,0.25,6,2,128.18,0.4,0.6
MD00735,FUR0669,S005,2026-07-15,100.82,60.49,0.4,5,3,193.57,0.4,0.8
MD00736,DEC0187,S005,2026-07-21,107.18,75.03,0.3,7,4,300.1,0.4,1.0
MD00737,TEX0513,S006,2026-06-16,21.5,12.9,0.4,6,4,46.44,0.4,0.9
MD00738,DEC0116,S002,2026-06-01,41.39,24.83,0.4,6,4,99.34,0.4,1.0
MD00739,KIT0968,S001,2026-07-03,40.25,30.19,0.25,5,3,84.52,0.4,0.7
MD00740,DEC0092,S009,2026-07-27,109.11,76.38,0.3,5,2,183.3,0.4,0.6
MD00741,DEC0096,S009,2026-07-27,39.06,27.34,0.3,7,3,76.56,0.4,0.7
MD00742,FLR1868,S006,2026-06-16,252.6,189.45,0.25,7,3,606.24,0.4,0.8
MD00743,WAL0325,S009,2026-07-29,30.67,21.47,0.3,5,3,60.11,0.4,0.7
MD00744,WAL0287,S009,2026-05-30,133.16,99.87,0.25,5,3,279.64,0.4,0.7
MD00745,DEC0062,S008,2026-07-01,104.67,62.8,0.4,4,2,150.72,0.4,0.6
MD00746,FUR0580,S007,2026-06-08,90.22,67.66,0.25,4,2,162.4,0.4,0.6
MD00747,TEX0459,S002,2026-07-27,41.29,30.97,0.25,6,4,111.48,0.4,0.9
MD00748,MIR0401,S007,2026-06-12,79.36,63.49,0.2,6,3,177.77,0.4,0.7
MD00749,SEA0696,S006,2026-07-09,507.3,304.38,0.4,7,3,974.02,0.4,0.8
MD00750,TOW1466,S005,2026-08-05,33.29,26.63,0.2,5,2,63.92,0.4,0.6
MD00751,SHL1697,S006,2026-06-15,103.75,72.62,0.3,9,4,261.45,0.4,0.9
MD00752,WAL0338,S010,2026-07-23,139.04,104.28,0.25,5,3,291.98,0.4,0.7
MD00753,GFT2232,S007,2026-06-13,133.05,106.44,0.2,6,3,298.03,0.4,0.7
MD00754,SRV0981,S006,2026-07-04,21.72,16.29,0.25,7,4,65.16,0.4,1.0
MD00755,MIR0393,S008,2026-07-18,147.92,88.75,0.4,8,4,319.51,0.4,0.9
MD00756,SRV1050,S002,2026-06-17,87.97,52.78,0.4,5,3,168.9,0.4,0.8
MD00757,WAL0298,S002,2026-06-02,83.89,67.11,0.2,6,4,241.6,0.4,0.9
MD00758,WAL0307,S001,2026-06-18,74.79,59.83,0.2,6,4,215.4,0.4,0.9
MD00759,MIR0423,S002,2026-06-24,143.92,107.94,0.25,7,4,388.58,0.4,0.9
MD00760,FUR0667,S008,2026-07-01,321.11,256.89,0.2,6,3,822.04,0.4,0.8
MD00761,PIL1366,S010,2026-06-24,49.93,34.95,0.3,6,3,97.86,0.4,0.7
MD00762,DEC0141,S001,2026-06-29,48.37,33.86,0.3,6,4,135.44,0.4,1.0
MD00763,WAL0195,S001,2026-07-27,92.86,74.29,0.2,7,3,237.72,0.4,0.8
MD00764,WAL0280,S003,2026-06-08,50.09,30.05,0.4,5,3,96.17,0.4,0.8
MD00765,SHL1697,S005,2026-07-13,103.75,77.81,0.25,5,2,186.75,0.4,0.6
MD00766,DUV1160,S008,2026-06-24,116.52,81.56,0.3,6,3,261.0,0.4,0.8
MD00767,WAL0227,S006,2026-06-11,46.13,36.9,0.2,8,4,132.85,0.4,0.9
MD00768,TOW1425,S003,2026-06-26,65.69,39.41,0.4,6,3,126.12,0.4,0.8
MD00769,TOW1438,S007,2026-07-14,74.18,59.34,0.2,7,3,189.9,0.4,0.8
MD00770,TAB0797,S007,2026-07-23,192.63,115.58,0.4,4,2,277.39,0.4,0.6
MD00771,SHL1664,S002,2026-07-01,210.49,147.34,0.3,7,4,530.43,0.4,0.9
MD00772,SHT1310,S002,2026-07-27,172.07,120.45,0.3,5,2,289.08,0.4,0.6
MD00773,ORG1755,S005,2026-06-07,94.56,70.92,0.25,5,2,170.21,0.4,0.6
MD00774,BTH1528,S006,2026-07-13,87.68,65.76,0.25,6,3,210.43,0.4,0.8
MD00775,TEX0494,S005,2026-07-28,25.2,20.16,0.2,6,3,64.51,0.4,0.8
MD00776,SEA0719,S009,2026-06-11,265.46,212.37,0.2,4,2,509.68,0.4,0.6
MD00777,DEC0164,S005,2026-07-15,63.31,47.48,0.25,5,3,151.94,0.4,0.8
MD00778,DEC0134,S006,2026-06-21,92.67,74.14,0.2,6,4,266.89,0.4,0.9
MD00779,UTL1119,S006,2026-06-23,14.78,11.08,0.25,6,4,44.34,0.4,1.0
MD00780,CND2150,S001,2026-06-01,78.01,54.61,0.3,7,3,174.74,0.4,0.8
MD00781,SHT1294,S005,2026-07-24,88.62,66.47,0.25,8,4,239.27,0.4,0.9
MD00782,LGT1776,S005,2026-05-29,99.44,74.58,0.25,7,4,268.49,0.4,0.9
MD00783,FUR0559,S006,2026-07-15,334.42,234.09,0.3,5,3,655.46,0.4,0.7
MD00784,SRV0992,S003,2026-08-02,73.88,51.72,0.3,5,3,165.49,0.4,0.8
MD00785,TEX0478,S005,2026-07-26,97.77,78.22,0.2,6,4,281.58,0.4,0.9
MD00786,UTL1087,S002,2026-07-18,59.06,41.34,0.3,5,3,115.76,0.4,0.7
MD00787,CND2142,S007,2026-06-10,58.37,35.02,0.4,9,4,140.09,0.7,1.0
MD00788,FUR0607,S003,2026-05-31,287.13,215.35,0.25,5,3,689.11,0.4,0.8
MD00789,TOW1463,S009,2026-07-28,53.35,42.68,0.2,6,3,136.58,0.4,0.8
MD00790,TEX0507,S008,2026-06-22,82.04,61.53,0.25,4,2,147.67,0.4,0.6
MD00791,MIR0417,S002,2026-06-15,179.33,125.53,0.3,6,3,401.7,0.4,0.8
MD00792,DEC0128,S007,2026-06-12,110.01,77.01,0.3,5,3,246.42,0.4,0.8
MD00793,TEX0491,S002,2026-07-14,40.67,24.4,0.4,9,3,78.09,0.4,0.8
MD00794,SHT1318,S007,2026-06-15,54.21,32.53,0.4,6,3,104.08,0.4,0.8
MD00795,WAL0343,S008,2026-06-22,128.11,96.08,0.25,5,3,307.46,0.4,0.8
MD00796,WAL0222,S005,2026-08-03,99.9,69.93,0.3,5,3,195.8,0.4,0.7
MD00797,UTL1090,S006,2026-07-31,23.82,16.67,0.3,5,3,46.69,0.4,0.7
MD00798,MIR0410,S006,2026-06-27,155.84,124.67,0.2,5,2,299.21,0.4,0.6
MD00799,FUR0612,S006,2026-07-03,247.33,197.86,0.2,4,2,474.87,0.4,0.6
MD00800,KIT0871,S003,2026-07-02,76.86,57.64,0.25,5,3,184.46,0.4,0.8
MD00801,TEX0550,S006,2026-06-26,101.34,76.0,0.25,5,3,243.22,0.4,0.8
MD00802,TAB0833,S007,2026-07-26,639.4,447.58,0.3,5,3,1253.22,0.4,0.7
MD00803,TEX0491,S001,2026-06-30,40.67,32.54,0.2,6,4,117.13,0.4,0.9
MD00804,DEC0097,S001,2026-06-21,105.38,79.03,0.25,6,4,284.53,0.4,0.9
MD00805,MIR0407,S006,2026-06-05,58.25,34.95,0.4,4,2,83.88,0.4,0.6
MD00806,FLR1864,S008,2026-07-26,268.15,214.52,0.2,7,4,772.27,0.5,0.9
MD00807,DEC0009,S004,2026-06-14,25.94,20.75,0.2,6,3,66.41,0.4,0.8
MD00808,ORG1733,S002,2026-06-24,97.06,77.65,0.2,9,4,341.65,0.6,1.1
MD00809,KIT0923,S006,2026-07-27,83.35,50.01,0.4,5,3,140.03,0.4,0.7
MD00810,TEX0483,S008,2026-06-26,24.66,14.8,0.4,6,3,41.43,0.4,0.7
MD00811,MIR0412,S006,2026-07-26,233.31,163.32,0.3,9,4,587.94,0.4,0.9
MD00812,FLR1838,S006,2026-07-02,435.84,305.09,0.3,6,3,976.28,0.4,0.8
MD00813,SEA0746,S010,2026-07-02,168.53,101.12,0.4,5,3,283.13,0.4,0.7
MD00814,UTL1143,S003,2026-07-29,28.91,17.35,0.4,6,4,69.38,0.4,1.0
MD00815,UTL1131,S008,2026-07-21,36.99,25.89,0.3,6,4,93.21,0.4,0.9
MD00816,PIL1397,S003,2026-07-29,31.62,18.97,0.4,6,3,53.12,0.4,0.7
MD00817,MIR0386,S006,2026-05-31,176.79,132.59,0.25,7,4,530.37,0.4,1.0
MD00818,DEC0011,S003,2026-07-14,27.91,20.93,0.25,5,3,58.61,0.4,0.7
MD00819,GFT2246,S008,2026-06-07,160.62,120.47,0.25,7,3,337.3,0.4,0.7
MD00820,MIR0358,S001,2026-08-01,230.01,184.01,0.2,6,4,662.43,0.4,0.9
MD00821,SRV1041,S002,2026-06-01,132.56,106.05,0.2,6,4,424.19,0.4,1.0
MD00822,SEA0721,S004,2026-06-06,614.9,461.17,0.25,6,4,1660.23,0.4,0.9
MD00823,FUR0584,S010,2026-06-05,271.24,203.43,0.25,5,3,650.98,0.4,0.8
MD00824,PIL1332,S005,2026-06-21,95.87,71.9,0.25,7,4,258.85,0.4,0.9
MD00825,KIT0875,S002,2026-07-07,65.53,39.32,0.4,6,4,141.54,0.4,0.9
MD00826,TEX0550,S009,2026-06-06,101.34,70.94,0.3,5,3,198.63,0.4,0.7
MD00827,LGT1820,S001,2026-07-26,227.88,170.91,0.25,6,3,546.91,0.4,0.8
MD00828,WAL0244,S001,2026-07-28,114.52,85.89,0.25,5,3,274.85,0.4,0.8
MD00829,TEX0484,S005,2026-06-18,35.48,21.29,0.4,4,2,51.09,0.4,0.6
MD00830,FUR0554,S005,2026-06-01,274.8,192.36,0.3,6,4,692.5,0.4,0.9
MD00831,TAB0821,S002,2026-06-23,546.93,328.16,0.4,4,2,787.58,0.4,0.6
MD00832,FUR0592,S009,2026-06-28,461.94,323.36,0.3,4,2,776.06,0.4,0.6
MD00833,TEX0535,S004,2026-06-06,85.11,63.83,0.25,6,3,204.26,0.4,0.8
MD00834,LGT1825,S005,2026-06-15,71.92,43.15,0.4,7,3,138.09,0.4,0.8
MD00835,KIT0945,S006,2026-06-20,75.54,60.43,0.2,5,3,193.38,0.4,0.8
MD00836,DEC0068,S005,2026-06-04,84.9,59.43,0.3,7,4,237.72,0.4,1.0
MD00837,CND2111,S007,2026-07-30,39.31,27.52,0.3,6,3,77.05,0.4,0.7
MD00838,SEA0744,S007,2026-06-05,214.72,128.83,0.4,5,3,360.73,0.4,0.7
MD00839,SHT1290,S008,2026-06-25,55.78,41.84,0.25,6,3,117.14,0.4,0.7
MD00840,SRV1000,S005,2026-06-10,86.85,52.11,0.4,6,4,187.6,0.4,0.9
MD00841,UTL1137,S005,2026-06-22,14.34,8.6,0.4,6,3,24.09,0.4,0.7
MD00842,SHT1323,S007,2026-06-29,147.06,88.24,0.4,6,2,211.77,0.4,0.6
MD00843,PEN1887,S006,2026-06-11,553.29,331.97,0.4,5,2,796.74,0.4,0.6
MD00844,SRV0989,S008,2026-06-19,19.68,15.74,0.2,6,3,44.08,0.4,0.7
MD00845,TEX0546,S010,2026-06-19,105.25,63.15,0.4,5,3,176.82,0.4,0.7
MD00846,MIR0420,S005,2026-07-28,134.35,107.48,0.2,6,4,429.92,0.4,1.0
MD00847,WAL0277,S006,2026-07-08,176.88,106.13,0.4,6,3,297.16,0.4,0.7
MD00848,SRV1006,S007,2026-06-23,125.25,100.2,0.2,8,4,440.88,0.5,1.1
MD00849,WAL0298,S001,2026-07-16,83.89,58.72,0.3,6,4,234.89,0.4,1.0
MD00850,WAL0240,S006,2026-06-10,125.89,100.71,0.2,5,3,322.28,0.4,0.8
MD00851,SHT1286,S004,2026-06-06,78.89,63.11,0.2,6,3,201.96,0.4,0.8
MD00852,FLR1837,S004,2026-07-27,242.92,145.75,0.4,6,3,408.11,0.4,0.7
MD00853,WAL0287,S005,2026-07-17,133.16,79.9,0.4,6,3,255.67,0.4,0.8
MD00854,FUR0629,S006,2026-07-23,489.11,366.83,0.25,4,2,880.4,0.4,0.6
MD00855,DEC0100,S009,2026-07-07,110.15,82.61,0.25,5,3,264.36,0.4,0.8
MD00856,WAL0350,S004,2026-06-10,76.5,53.55,0.3,6,4,192.78,0.4,0.9
MD00857,SRV1062,S008,2026-07-25,82.91,66.33,0.2,6,3,185.72,0.4,0.7
MD00858,KIT0916,S007,2026-08-02,204.65,122.79,0.4,5,3,392.93,0.4,0.8
MD00859,SHL1700,S006,2026-07-14,74.98,44.99,0.4,8,4,161.96,0.4,0.9
MD00860,KIT0941,S007,2026-06-27,182.8,127.96,0.3,5,3,358.29,0.4,0.7
MD00861,FUR0609,S006,2026-06-14,374.11,299.29,0.2,7,4,1077.44,0.4,0.9
MD00862,TAB0784,S002,2026-05-31,244.89,171.42,0.3,8,5,891.4,0.6,1.3
MD00863,GFT2248,S008,2026-06-23,170.28,136.22,0.2,6,3,381.43,0.4,0.7
MD00864,SHT1263,S006,2026-07-23,156.35,125.08,0.2,6,3,400.26,0.4,0.8
MD00865,SEA0677,S006,2026-07-13,327.56,245.67,0.25,6,4,884.41,0.4,0.9
MD00866,CND2101,S006,2026-08-05,84.89,67.91,0.2,7,3,190.15,0.5,0.7
MD00867,TOW1454,S006,2026-06-10,42.11,25.27,0.4,6,3,80.85,0.4,0.8
MD00868,TAB0845,S006,2026-06-14,536.8,375.76,0.3,6,4,1503.04,0.4,1.0
MD00869,FRM2212,S008,2026-06-27,69.57,48.7,0.3,6,3,155.84,0.4,0.8
MD00870,DEC0003,S006,2026-06-12,28.76,21.57,0.25,7,4,77.65,0.4,0.9
MD00871,DEC0014,S002,2026-06-19,47.2,33.04,0.3,6,4,118.94,0.4,0.9
MD00872,SHT1307,S002,2026-08-02,112.5,78.75,0.3,5,2,189.0,0.4,0.6
MD00873,WAL0304,S008,2026-07-28,149.26,89.56,0.4,5,3,250.76,0.4,0.7
MD00874,WAL0266,S003,2026-06-19,29.88,20.92,0.3,5,3,58.56,0.4,0.7
MD00875,TOW1454,S009,2026-07-24,42.11,33.69,0.2,5,2,80.85,0.4,0.6
MD00876,DEC0118,S008,2026-07-24,95.45,66.81,0.3,4,2,160.36,0.4,0.6
MD00877,PIL1337,S005,2026-06-18,56.51,42.38,0.25,7,3,135.62,0.4,0.8
MD00878,ORG1726,S003,2026-07-24,56.8,39.76,0.3,6,2,95.42,0.4,0.6
MD00879,DEC0078,S008,2026-06-15,61.2,45.9,0.25,5,3,128.52,0.4,0.7
MD00880,UTL1101,S008,2026-07-02,38.82,27.17,0.3,4,2,65.22,0.4,0.6
MD00881,MIR0406,S006,2026-07-28,88.52,61.96,0.3,8,2,148.71,0.4,0.6
MD00882,SEA0676,S004,2026-06-14,236.87,189.5,0.2,5,3,606.39,0.4,0.8
MD00883,DEC0050,S006,2026-07-07,83.86,62.89,0.25,12,4,276.74,0.6,1.1
MD00884,KIT0965,S006,2026-07-26,75.22,60.18,0.2,6,4,216.63,0.4,0.9
MD00885,WAL0229,S002,2026-07-20,51.16,35.81,0.3,6,2,85.95,0.4,0.6
MD00886,LGT1810,S002,2026-06-16,85.09,51.05,0.4,6,3,142.95,0.4,0.7
MD00887,KIT0882,S010,2026-07-15,215.44,150.81,0.3,6,4,542.91,0.4,0.9
MD00888,TAB0830,S005,2026-06-14,295.68,236.54,0.2,5,2,567.71,0.4,0.6
MD00889,KIT0970,S010,2026-06-29,172.31,103.39,0.4,5,3,289.48,0.4,0.7
MD00890,FUR0669,S007,2026-08-04,100.82,80.66,0.2,4,2,193.57,0.4,0.6
MD00891,CND2153,S005,2026-06-09,62.89,37.73,0.4,9,3,120.75,0.5,0.8
MD00892,FUR0653,S008,2026-08-05,117.54,82.28,0.3,5,3,230.38,0.4,0.7
MD00893,BSK1619,S006,2026-05-31,81.24,64.99,0.2,6,3,207.97,0.4,0.8
MD00894,FUR0610,S006,2026-06-14,481.56,385.25,0.2,5,3,1078.69,0.4,0.7
MD00895,SRV1079,S007,2026-07-04,110.28,66.17,0.4,6,4,264.67,0.4,1.0
MD00896,SRV1040,S006,2026-07-11,111.7,83.78,0.25,5,3,268.08,0.4,0.8
MD00897,UTL1127,S006,2026-08-05,63.73,44.61,0.3,4,2,107.07,0.4,0.6
MD00898,WAL0327,S006,2026-06-10,162.53,113.77,0.3,6,2,273.05,0.4,0.6
MD00899,SRV0978,S008,2026-07-30,35.67,28.54,0.2,7,4,102.73,0.4,0.9
MD00900,SHT1234,S009,2026-06-15,181.01,126.71,0.3,7,4,456.15,0.4,0.9
MD00901,WAL0331,S005,2026-06-19,72.67,43.6,0.4,5,3,122.09,0.4,0.7
MD00902,LGT1802,S005,2026-07-18,46.34,32.44,0.3,6,3,90.83,0.4,0.7
MD00903,TOW1431,S008,2026-06-14,23.03,18.42,0.2,7,3,51.59,0.4,0.7
MD00904,ORG1757,S010,2026-08-02,34.28,25.71,0.25,7,4,102.84,0.4,1.0
MD00905,PIL1375,S002,2026-07-06,57.48,34.49,0.4,7,4,124.16,0.4,0.9
MD00906,WAL0317,S003,2026-07-25,169.62,101.77,0.4,6,4,366.38,0.4,0.9
MD00907,LGT1822,S006,2026-07-19,142.87,85.72,0.4,6,3,274.31,0.4,0.8
MD00908,SHT1248,S002,2026-06-04,80.82,64.66,0.2,7,4,232.76,0.4,0.9
MD00909,WAL0296,S006,2026-07-24,76.43,53.5,0.3,8,2,128.4,0.4,0.6
MD00910,GFT2222,S006,2026-06-10,93.63,65.54,0.3,9,5,314.6,0.6,1.2
MD00911,BTH1513,S008,2026-07-14,64.69,51.75,0.2,7,3,144.91,0.4,0.7
MD00912,LGT1820,S002,2026-07-29,227.88,159.52,0.3,6,3,446.64,0.4,0.7
MD00913,FLR1840,S008,2026-06-20,303.49,242.79,0.2,10,6,1359.64,0.6,1.4
MD00914,SRV1077,S006,2026-06-07,28.92,23.14,0.2,5,3,64.78,0.4,0.7
MD00915,MIR0393,S006,2026-07-30,147.92,118.34,0.2,6,4,426.01,0.4,0.9
MD00916,DEC0043,S005,2026-07-04,36.94,25.86,0.3,5,3,72.4,0.4,0.7
MD00917,DEC0186,S010,2026-07-22,37.52,28.14,0.25,5,3,78.79,0.4,0.7
MD00918,DEC0181,S008,2026-07-18,94.17,75.34,0.2,5,2,180.81,0.4,0.6
MD00919,SHT1325,S008,2026-07-23,187.47,131.23,0.3,7,4,472.42,0.4,0.9
MD00920,DEC0131,S008,2026-07-31,79.51,55.66,0.3,5,3,155.84,0.4,0.7
MD00921,DEC0152,S006,2026-06-25,76.82,46.09,0.4,8,4,184.37,0.4,1.0
MD00922,SHL1664,S001,2026-07-09,210.49,126.29,0.4,6,3,353.62,0.4,0.7
MD00923,DEC0166,S005,2026-07-29,97.83,78.26,0.2,6,3,219.14,0.4,0.7
MD00924,TEX0492,S008,2026-06-25,33.35,20.01,0.4,5,3,64.03,0.4,0.8
MD00925,TAB0809,S003,2026-07-29,170.55,119.39,0.3,5,3,334.28,0.4,0.7
MD00926,SHL1676,S009,2026-06-25,184.68,110.81,0.4,8,4,443.23,0.4,1.0
MD00927,DEC0130,S009,2026-06-21,75.23,60.18,0.2,4,2,144.44,0.4,0.6
MD00928,SEA0691,S008,2026-06-10,519.73,311.84,0.4,4,2,748.41,0.4,0.6
MD00929,UTL1125,S003,2026-07-15,63.32,50.66,0.2,7,4,182.36,0.4,0.9
MD00930,DUV1159,S003,2026-06-19,85.3,59.71,0.3,7,4,214.96,0.4,0.9
MD00931,KIT0856,S006,2026-07-29,158.72,95.23,0.4,7,3,304.74,0.4,0.8
MD00932,ORG1721,S009,2026-07-30,87.76,61.43,0.3,7,3,172.01,0.4,0.7
MD00933,DUV1153,S008,2026-07-19,116.7,81.69,0.3,7,4,294.08,0.4,0.9
MD00934,UTL1135,S002,2026-06-06,17.38,13.04,0.25,5,3,41.71,0.4,0.8
MD00935,TEX0463,S007,2026-06-04,92.24,55.34,0.4,6,3,154.96,0.4,0.7
MD00936,UTL1148,S009,2026-07-25,48.06,33.64,0.3,8,3,94.2,0.4,0.7
MD00937,FUR0562,S010,2026-07-15,171.65,102.99,0.4,6,4,370.76,0.4,0.9
MD00938,CND2104,S007,2026-07-27,61.26,36.76,0.4,9,4,132.32,0.6,0.9
MD00939,FUR0623,S003,2026-06-16,245.62,184.22,0.25,5,3,589.49,0.4,0.8
MD00940,WAL0303,S007,2026-06-22,68.11,47.68,0.3,4,2,114.42,0.4,0.6
MD00941,WAL0349,S009,2026-05-29,161.02,112.71,0.3,6,3,315.6,0.4,0.7
MD00942,TAB0824,S007,2026-06-23,267.84,200.88,0.25,5,3,562.46,0.4,0.7
MD00943,SHL1692,S003,2026-07-22,83.41,50.05,0.4,7,3,160.15,0.4,0.8
MD00944,SEA0698,S009,2026-07-30,679.74,509.81,0.25,7,4,1835.3,0.4,0.9
MD00945,DEC0018,S007,2026-05-29,81.57,57.1,0.3,6,4,205.56,0.4,0.9
MD00946,SRV1058,S008,2026-05-31,104.38,62.63,0.4,4,2,150.31,0.4,0.6
MD00947,TEX0541,S010,2026-06-27,105.36,84.29,0.2,5,3,269.72,0.4,0.8
MD00948,MIR0403,S001,2026-06-20,108.07,64.84,0.4,6,4,233.43,0.4,0.9
MD00949,DEC0054,S005,2026-07-01,75.9,60.72,0.2,5,3,170.02,0.4,0.7
MD00950,SHT1279,S007,2026-06-18,168.57,118.0,0.3,6,3,330.4,0.4,0.7
MD00951,DEC0035,S001,2026-06-02,125.35,75.21,0.4,5,3,240.67,0.4,0.8
MD00952,FUR0659,S001,2026-07-01,329.04,230.33,0.3,6,4,829.18,0.4,0.9
MD00953,MIR0393,S010,2026-05-29,147.92,118.34,0.2,5,3,378.68,0.4,0.8
MD00954,TEX0535,S010,2026-05-30,85.11,68.09,0.2,5,3,190.65,0.4,0.7
MD00955,DEC0128,S009,2026-07-16,110.01,66.01,0.4,6,4,237.62,0.4,0.9
MD00956,TOW1474,S002,2026-07-03,73.11,58.49,0.2,5,2,140.37,0.4,0.6
MD00957,DEC0090,S006,2026-06-28,112.47,67.48,0.4,5,2,161.96,0.4,0.6
MD00958,DEC0069,S003,2026-07-08,118.87,71.32,0.4,5,3,199.7,0.4,0.7
MD00959,SUM2035,S010,2026-07-08,110.89,83.17,0.25,6,3,232.87,0.4,0.7
MD00960,TEX0531,S009,2026-06-04,23.93,19.14,0.2,5,2,45.95,0.4,0.6
MD00961,SRV0989,S005,2026-07-06,19.68,15.74,0.2,4,2,37.79,0.4,0.6
MD00962,PIL1372,S006,2026-06-06,40.81,28.57,0.3,10,5,137.12,0.7,1.2
MD00963,TOW1431,S006,2026-07-11,23.03,17.27,0.25,6,3,55.27,0.4,0.8
MD00964,TEX0542,S004,2026-08-04,20.33,14.23,0.3,4,2,34.15,0.4,0.6
MD00965,TEX0438,S007,2026-06-01,97.59,68.31,0.3,7,3,191.28,0.4,0.7
MD00966,DEC0081,S009,2026-07-22,42.9,34.32,0.2,6,4,137.28,0.4,1.0
MD00967,DUV1204,S008,2026-08-04,238.68,179.01,0.25,6,2,429.62,0.4,0.6
MD00968,FLR1859,S005,2026-06-26,133.35,106.68,0.2,5,2,256.03,0.4,0.6
MD00969,KIT0913,S006,2026-08-02,193.73,116.24,0.4,7,3,371.96,0.4,0.8
MD00970,BTH1530,S002,2026-06-10,28.39,19.87,0.3,7,4,71.54,0.4,0.9
MD00971,MIR0420,S008,2026-06-14,134.35,94.04,0.3,5,3,263.33,0.4,0.7
MD00972,PIL1368,S006,2026-07-13,42.05,33.64,0.2,7,3,94.19,0.4,0.7
MD00973,SRV1010,S002,2026-05-31,108.04,81.03,0.25,6,4,291.71,0.4,0.9
MD00974,UTL1090,S005,2026-06-01,23.82,16.67,0.3,6,3,53.36,0.4,0.8
MD00975,KIT0904,S002,2026-07-19,217.77,174.22,0.2,5,3,557.49,0.4,0.8
MD00976,TEX0463,S010,2026-06-10,92.24,64.57,0.3,7,4,232.44,0.5,0.9
MD00977,FLR1856,S008,2026-07-15,105.05,84.04,0.2,5,2,201.7,0.4,0.6
MD00978,MIR0368,S009,2026-06-10,81.98,61.48,0.25,4,2,147.56,0.4,0.6
MD00979,FUR0650,S007,2026-06-02,204.26,122.56,0.4,6,4,490.22,0.4,1.0
MD00980,WAL0236,S007,2026-05-29,50.25,35.17,0.3,6,4,126.63,0.4,0.9
MD00981,MIR0363,S002,2026-07-03,99.14,59.48,0.4,4,2,142.76,0.4,0.6
MD00982,SEA0746,S006,2026-06-03,168.53,117.97,0.3,5,3,330.32,0.4,0.7
MD00983,KIT0937,S007,2026-06-13,46.53,37.22,0.2,5,3,104.23,0.4,0.7
MD00984,DEC0079,S006,2026-06-15,52.96,37.07,0.3,5,3,103.8,0.4,0.7
MD00985,FUR0602,S002,2026-07-26,412.45,329.96,0.2,5,3,923.89,0.4,0.7
MD00986,WAL0273,S005,2026-07-27,172.15,137.72,0.2,7,4,495.79,0.4,0.9
MD00987,DEC0050,S009,2026-08-02,83.86,62.89,0.25,4,2,150.95,0.4,0.6
MD00988,FUR0639,S007,2026-07-02,175.68,122.98,0.3,6,3,344.33,0.4,0.7
MD00989,TEX0523,S009,2026-06-04,96.18,57.71,0.4,6,3,184.67,0.4,0.8
MD00990,SRV0971,S006,2026-06-15,65.65,49.24,0.25,5,3,137.87,0.4,0.7
MD00991,FUR0656,S009,2026-06-04,276.61,193.63,0.3,5,3,542.16,0.4,0.7
MD00992,LGT1816,S006,2026-07-20,156.13,117.1,0.25,6,3,327.87,0.4,0.7
MD00993,TEX0497,S006,2026-07-18,85.6,68.48,0.2,7,2,164.35,0.4,0.6
MD00994,KIT0892,S005,2026-07-18,55.82,39.07,0.3,5,3,125.04,0.4,0.8
MD00995,DEC0140,S001,2026-06-29,44.34,26.6,0.4,5,3,85.13,0.4,0.8
MD00996,TAB0847,S006,2026-06-23,203.3,152.48,0.25,6,4,548.91,0.4,0.9
MD00997,DEC0062,S007,2026-06-08,104.67,78.5,0.25,6,3,219.81,0.4,0.7
MD00998,DEC0190,S001,2026-07-07,43.79,32.84,0.25,8,4,118.23,0.4,0.9
MD00999,CND2153,S006,2026-07-19,62.89,47.17,0.25,7,4,207.54,0.5,1.1
MD01000,FRM2191,S006,2026-07-28,93.95,75.16,0.2,7,4,270.58,0.4,0.9
MD01001,UTL1116,S007,2026-08-02,59.17,41.42,0.3,5,3,132.54,0.4,0.8
MD01002,PIL1382,S005,2026-07-15,92.65,64.86,0.3,6,3,181.59,0.4,0.7
MD01003,MIR0371,S008,2026-06-29,200.13,160.1,0.2,6,4,576.37,0.4,0.9
MD01004,WAL0269,S009,2026-06-08,104.49,78.37,0.25,5,3,219.43,0.4,0.7
MD01005,FUR0613,S005,2026-06-03,428.94,257.36,0.4,6,3,823.56,0.4,0.8
MD01006,TEX0437,S003,2026-07-20,73.08,43.85,0.4,5,3,140.31,0.4,0.8
MD01007,KIT0942,S008,2026-07-05,97.35,73.01,0.25,6,4,262.84,0.4,0.9
MD01008,CND2129,S008,2026-06-27,34.96,20.98,0.4,5,2,50.34,0.4,0.6
MD01009,WAL0300,S006,2026-07-25,104.93,73.45,0.3,4,2,176.28,0.4,0.6
MD01010,WAL0192,S007,2026-07-13,84.52,67.62,0.2,5,3,216.37,0.4,0.8
MD01011,DEC0031,S009,2026-07-28,110.72,83.04,0.25,8,4,298.94,0.4,0.9
MD01012,DEC0060,S002,2026-06-30,117.81,88.36,0.25,5,3,282.74,0.4,0.8
MD01013,FRM2172,S002,2026-07-06,90.1,67.57,0.25,8,3,189.21,0.4,0.7
MD01014,DEC0094,S002,2026-06-14,117.32,93.86,0.2,4,2,225.25,0.4,0.6
MD01015,TEX0530,S005,2026-07-20,30.25,18.15,0.4,5,3,50.82,0.4,0.7
MD01016,SRV1033,S007,2026-08-05,112.13,89.7,0.2,6,4,322.93,0.4,0.9
MD01017,TAB0830,S009,2026-06-09,295.68,221.76,0.25,5,2,532.22,0.4,0.6
MD01018,MIR0401,S005,2026-07-07,79.36,59.52,0.25,4,2,142.85,0.4,0.6
MD01019,WAL0308,S006,2026-06-25,184.26,110.56,0.4,10,4,442.22,0.7,1.0
MD01020,KIT0905,S004,2026-05-29,138.96,97.27,0.3,4,2,233.45,0.4,0.6
MD01021,TAB0808,S008,2026-07-09,391.37,273.96,0.3,6,4,986.25,0.4,0.9
MD01022,FLR1846,S009,2026-05-29,398.96,319.17,0.2,8,5,1532.01,0.5,1.2
MD01023,ORG1730,S006,2026-06-01,87.79,70.23,0.2,6,3,224.74,0.4,0.8
MD01024,WAL0341,S003,2026-06-04,30.99,24.79,0.2,5,3,69.42,0.4,0.7
MD01025,WAL0213,S007,2026-07-10,131.62,78.97,0.4,5,3,252.71,0.4,0.8
MD01026,SRV1012,S002,2026-07-05,79.11,47.47,0.4,5,3,132.9,0.4,0.7
MD01027,PEN1893,S006,2026-07-21,455.89,341.92,0.25,7,4,1504.44,0.5,1.1
MD01028,WAL0312,S006,2026-07-05,84.92,50.95,0.4,6,2,122.28,0.4,0.6
MD01029,TEX0486,S005,2026-07-25,76.27,57.2,0.25,6,4,205.93,0.4,0.9
MD01030,TAB0850,S002,2026-07-09,140.77,98.54,0.3,4,2,236.49,0.4,0.6
MD01031,DEC0190,S005,2026-07-08,43.79,35.03,0.2,5,3,112.1,0.4,0.8
MD01032,DEC0122,S007,2026-07-04,121.69,97.35,0.2,8,3,311.53,0.4,0.8
MD01033,TAB0832,S006,2026-07-16,551.81,441.45,0.2,4,2,1059.48,0.4,0.6
MD01034,SRV1001,S006,2026-07-13,125.75,75.45,0.4,9,4,301.8,0.4,1.0
MD01035,TEX0436,S007,2026-06-19,68.75,55.0,0.2,4,2,132.0,0.4,0.6
MD01036,SRV1032,S005,2026-07-30,37.75,26.42,0.3,6,4,95.13,0.4,0.9
MD01037,BSK1629,S008,2026-07-05,31.21,21.85,0.3,6,3,61.17,0.4,0.7
MD01038,SRV1028,S002,2026-06-28,66.23,52.98,0.2,5,3,148.36,0.4,0.7
MD01039,DEC0069,S002,2026-07-17,118.87,71.32,0.4,6,3,199.7,0.4,0.7
MD01040,DEC0088,S008,2026-06-17,60.36,48.29,0.2,5,3,135.21,0.4,0.7
MD01041,DEC0046,S010,2026-06-04,25.07,18.8,0.25,5,3,60.17,0.4,0.8
MD01042,FLR1872,S003,2026-06-03,112.36,78.65,0.3,8,4,346.07,0.5,1.1
MD01043,TEX0431,S007,2026-07-13,51.87,38.9,0.25,6,3,108.93,0.4,0.7
MD01044,DEC0081,S008,2026-06-02,42.9,32.17,0.25,5,2,77.22,0.4,0.6
MD01045,BTH1561,S008,2026-06-15,17.29,12.97,0.25,5,2,31.12,0.4,0.6
MD01046,MIR0412,S008,2026-06-27,233.31,163.32,0.3,7,3,457.29,0.4,0.7
MD01047,TEX0445,S007,2026-06-28,59.6,47.68,0.2,5,3,133.5,0.4,0.7
MD01048,UTL1145,S010,2026-06-09,22.11,17.69,0.2,8,4,70.75,0.5,1.0
MD01049,MIR0397,S006,2026-08-04,98.66,74.0,0.25,6,3,207.19,0.4,0.7
MD01050,FLR1869,S008,2026-06-07,343.54,206.12,0.4,8,4,824.5,0.5,1.0
MD01051,FUR0672,S009,2026-06-18,342.15,205.29,0.4,5,3,656.93,0.4,0.8
MD01052,WAL0316,S005,2026-07-22,142.24,99.57,0.3,5,3,318.62,0.4,0.8
MD01053,WAL0200,S003,2026-07-12,48.99,36.74,0.25,6,3,102.88,0.4,0.7
MD01054,FUR0594,S004,2026-06-11,141.61,84.97,0.4,5,3,271.89,0.4,0.8
MD01055,SEA0731,S007,2026-06-27,282.59,169.55,0.4,5,3,542.57,0.4,0.8
MD01056,MIR0352,S004,2026-07-23,116.83,81.78,0.3,8,4,294.41,0.4,0.9
MD01057,TEX0496,S001,2026-06-16,76.31,45.79,0.4,5,3,146.52,0.4,0.8
MD01058,TAB0761,S006,2026-06-01,306.02,229.51,0.25,5,3,642.64,0.4,0.7
MD01059,UTL1084,S008,2026-06-07,57.91,40.54,0.3,6,4,145.93,0.4,0.9
MD01060,MIR0390,S004,2026-07-01,204.98,122.99,0.4,6,4,442.76,0.4,0.9
MD01061,TEX0480,S010,2026-07-20,63.67,44.57,0.3,6,4,160.45,0.4,0.9
MD01062,TEX0548,S003,2026-06-06,40.82,30.62,0.25,6,3,85.72,0.4,0.7
MD01063,DEC0164,S008,2026-06-19,63.31,37.99,0.4,9,3,121.56,0.4,0.8
MD01064,PIL1373,S008,2026-07-21,92.64,74.11,0.2,6,3,207.51,0.4,0.7
MD01065,MIR0398,S007,2026-07-13,190.66,114.4,0.4,7,3,320.31,0.4,0.7
MD01066,SUM2053,S002,2026-06-27,66.76,50.07,0.25,6,3,140.2,0.4,0.7
MD01067,LGT1819,S006,2026-07-01,97.26,77.81,0.2,8,4,311.23,0.5,1.0
MD01068,TEX0486,S008,2026-07-07,76.27,45.76,0.4,4,2,109.83,0.4,0.6
MD01069,KIT0907,S005,2026-05-29,209.11,125.47,0.4,6,4,451.68,0.4,0.9
MD01070,DEC0166,S009,2026-05-29,97.83,73.37,0.25,6,4,293.49,0.4,1.0
MD01071,SHL1662,S010,2026-07-28,237.51,142.51,0.4,6,3,456.02,0.4,0.8
MD01072,MIR0428,S005,2026-06-11,83.08,49.85,0.4,6,4,179.45,0.4,0.9
MD01073,UTL1102,S001,2026-06-04,19.52,13.66,0.3,7,4,54.66,0.4,1.0
MD01074,CHR1953,S007,2026-07-15,20.26,15.2,0.25,7,4,54.7,0.4,0.9
MD01075,TEX0431,S008,2026-07-09,51.87,31.12,0.4,5,3,87.14,0.4,0.7
MD01076,WAL0209,S010,2026-07-14,96.99,72.74,0.25,4,2,174.58,0.4,0.6
MD01077,DEC0112,S002,2026-07-14,31.83,22.28,0.3,6,4,80.21,0.4,0.9
MD01078,CHR1946,S005,2026-07-09,36.55,25.58,0.3,6,3,81.87,0.4,0.8
MD01079,UTL1093,S002,2026-07-22,15.39,12.31,0.2,4,2,29.55,0.4,0.6
MD01080,DEC0160,S006,2026-08-02,94.8,75.84,0.2,6,4,303.36,0.4,1.0
MD01081,DEC0109,S006,2026-06-14,85.22,68.18,0.2,4,2,163.62,0.4,0.6
MD01082,KIT0860,S006,2026-06-27,33.01,26.41,0.2,5,3,84.51,0.4,0.8
MD01083,FLR1849,S007,2026-06-09,349.45,209.67,0.4,7,3,587.08,0.4,0.7
MD01084,DEC0018,S008,2026-07-03,81.57,57.1,0.3,5,3,182.72,0.4,0.8
MD01085,TEX0478,S002,2026-07-26,97.77,68.44,0.3,5,3,191.63,0.4,0.7
MD01086,SHT1282,S008,2026-06-28,109.27,87.42,0.2,6,3,244.76,0.4,0.7
MD01087,TEX0545,S004,2026-08-04,32.8,22.96,0.3,4,2,55.1,0.4,0.6
MD01088,MIR0381,S002,2026-05-31,119.84,71.9,0.4,4,2,172.57,0.4,0.6
MD01089,KIT0917,S007,2026-07-31,113.88,91.1,0.2,6,3,255.09,0.4,0.7
MD01090,KIT0932,S004,2026-07-30,220.42,132.25,0.4,6,3,370.31,0.4,0.7
MD01091,PIL1375,S009,2026-07-16,57.48,34.49,0.4,7,4,124.16,0.4,0.9
MD01092,FUR0637,S005,2026-06-05,366.74,293.39,0.2,6,4,1056.21,0.4,0.9
MD01093,FUR0626,S007,2026-06-03,149.27,104.49,0.3,6,4,376.16,0.4,0.9
MD01094,TEX0470,S002,2026-07-02,73.31,43.99,0.4,5,3,123.16,0.4,0.7
MD01095,DEC0088,S002,2026-07-03,60.36,42.25,0.3,5,3,118.31,0.4,0.7
MD01096,SRV1036,S002,2026-07-03,113.6,79.52,0.3,5,3,222.66,0.4,0.7
MD01097,FUR0613,S008,2026-07-07,428.94,300.26,0.3,5,2,720.62,0.4,0.6
MD01098,KIT0859,S007,2026-07-14,177.0,123.9,0.3,5,3,346.92,0.4,0.7
MD01099,TOW1480,S006,2026-07-16,24.44,19.55,0.2,7,4,78.21,0.4,1.0
MD01100,FUR0644,S005,2026-06-07,277.67,166.6,0.4,6,4,599.77,0.4,0.9
MD01101,TOW1412,S008,2026-07-26,52.07,41.66,0.2,6,3,133.3,0.4,0.8
MD01102,DEC0050,S002,2026-06-27,83.86,67.09,0.2,7,3,187.85,0.4,0.7
MD01103,TAB0774,S006,2026-07-31,231.44,185.15,0.2,6,3,518.43,0.4,0.7
MD01104,DEC0138,S006,2026-06-09,47.08,32.96,0.3,5,3,92.28,0.4,0.7
MD01105,MIR0387,S002,2026-06-08,196.78,147.59,0.25,6,3,413.24,0.4,0.7
MD01106,FUR0594,S008,2026-06-07,141.61,99.13,0.3,5,3,277.56,0.4,0.7
MD01107,UTL1090,S004,2026-06-02,23.82,14.29,0.4,5,3,45.73,0.4,0.8
MD01108,KIT0930,S002,2026-08-05,34.95,20.97,0.4,5,3,67.1,0.4,0.8
MD01109,WAL0255,S003,2026-06-11,64.32,45.02,0.3,6,4,162.09,0.4,0.9
MD01110,WAL0275,S007,2026-08-01,120.28,84.2,0.3,5,3,269.43,0.4,0.8
MD01111,DEC0025,S007,2026-07-10,101.23,75.92,0.25,6,4,303.69,0.4,1.0
MD01112,TEX0519,S005,2026-07-08,22.72,15.9,0.3,6,3,50.89,0.4,0.8
MD01113,FUR0648,S005,2026-06-19,257.23,192.92,0.25,5,3,617.35,0.4,0.8
MD01114,KIT0924,S007,2026-07-15,113.29,84.97,0.25,6,4,305.88,0.4,0.9
MD01115,DEC0173,S001,2026-07-24,75.81,60.65,0.2,6,4,242.59,0.4,1.0
MD01116,FUR0580,S009,2026-06-21,90.22,72.18,0.2,8,4,259.83,0.4,0.9
MD01117,TAB0785,S009,2026-07-20,343.19,274.55,0.2,5,2,658.92,0.4,0.6
MD01118,KIT0958,S006,2026-07-29,76.72,61.38,0.2,6,4,220.95,0.4,0.9
MD01119,SRV1054,S008,2026-06-02,50.26,40.21,0.2,4,2,96.5,0.4,0.6
MD01120,KIT0952,S006,2026-05-29,174.45,104.67,0.4,5,3,334.94,0.4,0.8
MD01121,WAL0338,S008,2026-06-25,139.04,97.33,0.3,8,3,311.45,0.4,0.8
MD01122,MIR0412,S004,2026-06-28,233.31,174.98,0.25,6,3,489.95,0.4,0.7
MD01123,WAL0268,S008,2026-07-31,91.48,54.89,0.4,7,4,197.6,0.4,0.9
MD01124,WAL0349,S005,2026-06-28,161.02,112.71,0.3,6,4,405.77,0.4,0.9
MD01125,BTH1532,S005,2026-06-16,76.1,60.88,0.2,7,4,243.52,0.4,1.0
MD01126,DEC0125,S002,2026-07-16,104.83,78.62,0.25,7,4,314.49,0.5,1.0
MD01127,WAL0217,S007,2026-06-28,131.52,98.64,0.25,4,2,236.74,0.4,0.6
MD01128,SUM2039,S007,2026-07-19,41.12,30.84,0.25,13,6,172.7,0.8,1.4
MD01129,SEA0720,S003,2026-06-18,598.98,419.29,0.3,6,4,1509.43,0.4,0.9
MD01130,BTH1524,S007,2026-06-25,61.35,42.95,0.3,5,2,103.07,0.4,0.6
MD01131,DEC0097,S009,2026-05-30,105.38,63.23,0.4,4,2,151.75,0.4,0.6
MD01132,MIR0415,S006,2026-06-10,109.24,87.39,0.2,6,4,314.61,0.4,0.9
MD01133,DEC0030,S005,2026-06-08,108.96,81.72,0.25,5,3,261.5,0.4,0.8
MD01134,DEC0106,S002,2026-06-20,38.76,23.26,0.4,12,6,148.84,0.7,1.6
MD01135,SRV0985,S002,2026-07-12,21.73,15.21,0.3,7,4,66.93,0.5,1.1
MD01136,FLR1870,S001,2026-07-05,163.54,122.66,0.25,7,4,441.56,0.4,0.9
MD01137,KIT0947,S001,2026-06-26,127.64,89.35,0.3,6,4,321.65,0.4,0.9
MD01138,SEA0688,S002,2026-07-06,680.2,544.16,0.2,6,4,2176.64,0.4,1.0
MD01139,TEX0441,S009,2026-08-05,48.25,36.19,0.25,6,4,130.28,0.4,0.9
MD01140,TEX0528,S001,2026-06-02,93.02,65.11,0.3,5,3,182.32,0.4,0.7
MD01141,DEC0048,S002,2026-07-24,57.72,34.63,0.4,5,3,110.82,0.4,0.8
MD01142,BTH1527,S008,2026-07-13,82.3,57.61,0.3,8,3,184.35,0.5,0.8
MD01143,FUR0598,S005,2026-06-20,191.81,153.45,0.2,5,3,429.65,0.4,0.7
MD01144,LGT1797,S006,2026-06-10,206.02,154.52,0.25,7,3,432.64,0.4,0.7
MD01145,SRV0981,S008,2026-07-18,21.72,15.2,0.3,4,2,36.49,0.4,0.6
MD01146,CND2144,S005,2026-06-07,59.0,35.4,0.4,6,3,113.28,0.4,0.8
MD01147,SRV1042,S002,2026-06-07,88.87,71.1,0.2,5,3,227.51,0.4,0.8
MD01148,SRV1022,S007,2026-07-26,64.1,38.46,0.4,6,4,153.84,0.4,1.0
MD01149,KIT0916,S002,2026-06-21,204.65,153.49,0.25,6,3,491.16,0.4,0.8
MD01150,WAL0269,S010,2026-07-18,104.49,78.37,0.25,8,4,282.12,0.4,0.9
MD01151,DEC0065,S006,2026-07-05,55.5,41.62,0.25,5,3,116.55,0.4,0.7
MD01152,SRV1057,S007,2026-06-30,34.44,25.83,0.25,6,3,72.32,0.4,0.7
MD01153,CND2170,S006,2026-06-16,65.28,48.96,0.25,8,3,156.67,0.4,0.8
MD01154,FUR0645,S007,2026-07-13,100.76,80.61,0.2,6,4,290.19,0.4,0.9
MD01155,BSK1574,S009,2026-07-18,84.53,63.4,0.25,7,3,177.51,0.4,0.7
MD01156,DEC0102,S010,2026-07-21,99.6,74.7,0.25,7,3,239.04,0.4,0.8
MD01157,DEC0145,S010,2026-07-18,75.47,56.6,0.25,5,3,158.49,0.4,0.7
MD01158,UTL1097,S002,2026-07-12,43.74,30.62,0.3,5,3,85.73,0.4,0.7
MD01159,DEC0015,S006,2026-07-02,25.57,19.18,0.25,6,4,69.04,0.4,0.9
MD01160,FUR0614,S008,2026-07-23,426.59,319.94,0.25,5,3,895.84,0.4,0.7
MD01161,TEX0539,S007,2026-07-08,26.61,18.63,0.3,5,3,52.16,0.4,0.7
MD01162,TEX0472,S002,2026-06-15,101.97,81.58,0.2,5,3,261.04,0.4,0.8
MD01163,UTL1136,S008,2026-07-25,10.13,8.1,0.2,5,3,25.93,0.4,0.8
MD01164,FUR0557,S008,2026-08-01,274.68,206.01,0.25,4,2,494.42,0.4,0.6
MD01165,FLR1868,S008,2026-07-02,252.6,176.82,0.3,7,4,636.55,0.4,0.9
MD01166,UTL1084,S007,2026-06-24,57.91,34.75,0.4,6,4,125.09,0.4,0.9
MD01167,SRV0993,S008,2026-06-19,55.89,39.12,0.3,7,3,109.54,0.4,0.7
MD01168,DEC0073,S004,2026-07-27,81.23,56.86,0.3,6,4,204.7,0.4,0.9
MD01169,KIT0853,S008,2026-07-26,104.37,83.5,0.2,7,4,300.59,0.4,0.9
MD01170,TEX0471,S002,2026-07-25,99.41,59.65,0.4,4,2,143.15,0.4,0.6
MD01171,DEC0075,S005,2026-06-01,58.0,46.4,0.2,6,4,167.04,0.4,0.9
MD01172,WIN2070,S006,2026-07-28,58.25,40.77,0.3,7,4,163.1,0.4,1.0
MD01173,UTL1118,S008,2026-05-30,31.96,19.18,0.4,5,3,61.36,0.4,0.8
MD01174,DEC0134,S004,2026-07-22,92.67,69.5,0.25,4,2,166.81,0.4,0.6
MD01175,BSK1575,S007,2026-06-15,49.36,34.55,0.3,8,3,110.57,0.4,0.8
MD01176,DEC0066,S003,2026-07-23,56.0,39.2,0.3,7,4,141.12,0.4,0.9
MD01177,TEX0432,S006,2026-06-29,80.09,48.05,0.4,5,3,134.55,0.4,0.7
MD01178,DEC0060,S007,2026-07-12,117.81,88.36,0.25,5,3,282.74,0.4,0.8
MD01179,KIT0962,S005,2026-07-28,199.21,119.53,0.4,8,4,430.29,0.4,0.9
MD01180,WAL0302,S002,2026-08-04,130.45,104.36,0.2,6,4,375.7,0.4,0.9
MD01181,TEX0521,S008,2026-06-11,42.79,32.09,0.25,4,2,77.02,0.4,0.6
MD01182,FRM2184,S010,2026-07-28,44.55,35.64,0.2,6,3,114.05,0.4,0.8
MD01183,WAL0331,S008,2026-07-12,72.67,50.87,0.3,5,3,142.43,0.4,0.7
MD01184,FUR0642,S007,2026-06-09,180.87,108.52,0.4,6,4,434.09,0.4,1.0
MD01185,TAB0788,S009,2026-06-14,515.59,360.91,0.3,5,3,1154.92,0.4,0.8
MD01186,KIT0946,S002,2026-06-24,220.09,154.06,0.3,5,3,493.0,0.4,0.8
MD01187,SHL1689,S007,2026-05-30,50.04,37.53,0.25,7,3,120.1,0.4,0.8
MD01188,BSK1579,S008,2026-07-20,19.48,14.61,0.25,10,3,46.75,0.4,0.8
MD01189,FUR0573,S001,2026-06-25,488.76,366.57,0.25,5,3,1173.02,0.4,0.8
MD01190,WAL0250,S008,2026-06-07,66.43,46.5,0.3,7,2,111.6,0.4,0.6
MD01191,WAL0256,S001,2026-07-08,58.34,43.76,0.25,4,2,105.01,0.4,0.6
MD01192,KIT0904,S008,2026-06-19,217.77,130.66,0.4,5,3,365.85,0.4,0.7
MD01193,DEC0125,S009,2026-05-29,104.83,83.86,0.2,5,3,234.82,0.4,0.7
MD01194,DEC0163,S009,2026-06-23,81.92,65.54,0.2,5,3,209.72,0.4,0.8
MD01195,SUM2032,S007,2026-06-30,120.85,96.68,0.2,6,3,309.38,0.4,0.8
MD01196,TAB0810,S010,2026-07-02,416.66,333.33,0.2,5,3,1066.65,0.4,0.8
MD01197,WAL0219,S007,2026-07-27,152.2,106.54,0.3,5,3,298.31,0.4,0.7
MD01198,SEA0690,S010,2026-07-11,232.59,139.55,0.4,4,2,334.93,0.4,0.6
MD01199,FUR0665,S006,2026-07-16,182.87,146.3,0.2,8,4,526.67,0.4,0.9
MD01200,DEC0052,S010,2026-08-05,80.44,48.26,0.4,5,3,135.14,0.4,0.7
